{
    "01": [
        105.28500419,
        20.5642508770001,
        106.020154616,
        21.3855144820001
    ],
    "02": [
        104.334192828,
        22.1661925440001,
        105.591439702,
        23.3928505600001
    ],
    "04": [
        105.270511383,
        22.3569975460001,
        106.838947114,
        23.121518909
    ],
    "06": [
        105.431530613,
        21.8044205790001,
        106.246931899,
        22.740892644
    ],
    "08": [
        104.848861693,
        21.497128006,
        105.597950396,
        22.6907118290001
    ],
    "10": [
        103.527395007,
        21.876484039,
        104.628864054,
        22.84488996
    ],
    "11": [
        102.144028483,
        20.892719297,
        103.598771905,
        22.548380771
    ],
    "12": [
        102.320986282,
        21.685561106,
        103.985043705,
        22.8164851720001
    ],
    "14": [
        103.212374227,
        20.57357935,
        105.0248402,
        22.030006859
    ],
    "15": [
        103.886407839,
        21.3256638180001,
        105.100177027,
        22.291257473
    ],
    "17": [
        104.835278997,
        20.3053927550001,
        105.857450786,
        21.1129641840001
    ],
    "19": [
        105.477545578,
        21.3255286350001,
        106.23803219,
        22.0476148440001
    ],
    "20": [
        106.094903299,
        21.32519968,
        107.364043463,
        22.459914387
    ],
    "22": [
        106.439197076,
        20.687306697000103,
        108.097032647,
        21.6638266260001
    ],
    "24": [
        105.880524532,
        21.1219011360001,
        107.032914125,
        21.6262008730001
    ],
    "25": [
        104.813587009,
        20.916935134,
        105.457103258,
        21.7200973710001
    ],
    "26": [
        105.322688363,
        21.152331781,
        105.786593877,
        21.5740463490001
    ],
    "27": [
        105.90472447,
        20.968238797,
        106.311518107,
        21.263975062
    ],
    "30": [
        106.124641012,
        20.6841224030001,
        106.611762111,
        21.236878217
    ],
    "31": [
        106.400876677,
        20.1271484690001,
        107.738599776,
        21.0212140360001
    ],
    "33": [
        105.895388504,
        20.6032446670001,
        106.269508376,
        21.007305624
    ],
    "34": [
        106.110002917,
        20.253033293,
        106.63057299,
        20.728943702
    ],
    "35": [
        105.769778262,
        20.3631382670001,
        106.185507925,
        20.704222401
    ],
    "36": [
        105.924254006,
        19.8898377780001,
        106.599596212,
        20.499461969
    ],
    "37": [
        105.542850372,
        19.9174696900001,
        106.168072145,
        20.4546385460001
    ],
    "38": [
        104.374316969,
        19.287686881000106,
        106.075127184,
        20.670170637000105
    ],
    "40": [
        103.874272909,
        18.5531138630001,
        105.805080943,
        19.997678869
    ],
    "42": [
        105.104149375,
        17.9106663430001,
        106.510773576,
        18.8110884050001
    ],
    "44": [
        105.608365247,
        16.9219646070001,
        106.990923198,
        18.0898426970001
    ],
    "45": [
        106.515453464,
        16.2966460170001,
        107.388103632,
        17.166508477
    ],
    "46": [
        107.056590179,
        15.9948714070001,
        108.194645016,
        16.7427493610001
    ],
    "48": [
        107.81867521,
        15.7776774770001,
        112.740550488,
        16.9858449330001
    ],
    "49": [
        107.210226215,
        14.9511242190001,
        108.738732278,
        16.067267503
    ],
    "51": [
        108.235223317,
        14.5329867460001,
        109.142985652,
        15.4323035250001
    ],
    "52": [
        108.602247652,
        13.515079563,
        109.363428736,
        14.703046923
    ],
    "54": [
        108.673091784,
        12.7054069060001,
        109.459648254,
        13.6951889590001
    ],
    "56": [
        108.669676534,
        7.89146445900019,
        115.836420367,
        12.86823071
    ],
    "58": [
        108.552482227,
        11.3068508700001,
        109.232840475,
        12.168061456
    ],
    "60": [
        107.394570011,
        9.96425497900003,
        109.084516322,
        11.5560837790001
    ],
    "62": [
        107.332476685,
        13.9209134330001,
        108.547102888,
        15.4173303050001
    ],
    "64": [
        107.450321162,
        12.995682985,
        108.873361115,
        14.601887237
    ],
    "66": [
        107.484515791,
        12.161139242,
        108.994821448,
        13.4168573010001
    ],
    "67": [
        107.20459804,
        11.749138462000106,
        108.11393725,
        12.812405615000001
    ],
    "68": [
        107.265863652,
        11.215566645,
        108.728928867,
        12.317606187
    ],
    "70": [
        106.410852572,
        11.3015604230001,
        107.427258418,
        12.2974861480001
    ],
    "72": [
        105.807316673,
        10.962814398,
        106.490834809,
        11.779981902
    ],
    "74": [
        106.326752365,
        10.8641862530001,
        106.966944974,
        11.501245915
    ],
    "75": [
        106.751401199,
        10.5790132560001,
        107.577017152,
        11.5822075620001
    ],
    "77": [
        106.081159102,
        8.57782026100006,
        107.570941156,
        10.8044010420001
    ],
    "79": [
        106.356874837,
        10.377192445,
        107.013237776,
        11.159677189
    ],
    "80": [
        105.499035248,
        10.3956199950001,
        106.748713866,
        11.0318708770001
    ],
    "82": [
        105.815813145,
        10.194952911,
        106.806202229,
        10.586653234
    ],
    "83": [
        106.028762448,
        9.79530306600003,
        106.834344883,
        10.339954359
    ],
    "84": [
        105.953660628,
        9.52732079100002,
        106.601985988,
        10.0817410720001
    ],
    "86": [
        105.682628098,
        9.88326256200003,
        106.289297428,
        10.3308957530001
    ],
    "87": [
        105.188918283,
        10.1340348410001,
        105.942162749,
        10.973570662
    ],
    "89": [
        104.778319178,
        10.1835572730001,
        105.575770017,
        10.9622749480001
    ],
    "91": [
        103.419762249,
        9.26284935800004,
        105.539332671,
        10.5400795690001
    ],
    "92": [
        105.225786387,
        9.91912794800004,
        105.844687245,
        10.3268664240001
    ],
    "93": [
        105.328279413,
        9.58238303900004,
        105.897154322,
        9.99430218300006
    ],
    "94": [
        105.54391623,
        9.24470426500005,
        106.315211049,
        9.93806359500007
    ],
    "95": [
        105.232721452,
        9.01805618700007,
        105.860180989,
        9.63766639100004
    ],
    "96": [
        104.522193708,
        8.38138655200004,
        105.419331018,
        9.56169640100006
    ]
}