 code  |          name           |         name_en         | province_code |  unit   | province_name 
-------+-------------------------+-------------------------+---------------+---------+---------------
 00004 | Ba Đình                 | Ba Dinh                 | 01            | Phường  | Hà Nội
 00008 | Ngọc Hà                 | Ngoc Ha                 | 01            | Phường  | Hà Nội
 00025 | Giảng Võ                | Giang Vo                | 01            | Phường  | Hà Nội
 00070 | Hoàn Kiếm               | Hoan Kiem               | 01            | Phường  | Hà Nội
 00082 | Cửa Nam                 | Cua Nam                 | 01            | Phường  | Hà Nội
 00091 | Phú Thượng              | Phu Thuong              | 01            | Phường  | Hà Nội
 00097 | Hồng Hà                 | Hong Ha                 | 01            | Phường  | Hà Nội
 00103 | Tây Hồ                  | Tay Ho                  | 01            | Phường  | Hà Nội
 00118 | Bồ Đề                   | Bo De                   | 01            | Phường  | Hà Nội
 00127 | Việt Hưng               | Viet Hung               | 01            | Phường  | Hà Nội
 00136 | Phúc Lợi                | Phuc Loi                | 01            | Phường  | Hà Nội
 00145 | Long Biên               | Long Bien               | 01            | Phường  | Hà Nội
 00160 | Nghĩa Đô                | Nghia Do                | 01            | Phường  | Hà Nội
 00166 | Cầu Giấy                | Cau Giay                | 01            | Phường  | Hà Nội
 00175 | Yên Hoà                 | Yen Hoa                 | 01            | Phường  | Hà Nội
 00190 | Ô Chợ Dừa               | O Cho Dua               | 01            | Phường  | Hà Nội
 00199 | Láng                    | Lang                    | 01            | Phường  | Hà Nội
 00226 | Văn Miếu - Quốc Tử Giám | Van Mieu - Quoc Tu Giam | 01            | Phường  | Hà Nội
 00229 | Kim Liên                | Kim Lien                | 01            | Phường  | Hà Nội
 00235 | Đống Đa                 | Dong Da                 | 01            | Phường  | Hà Nội
 00256 | Hai Bà Trưng            | Hai Ba Trung            | 01            | Phường  | Hà Nội
 00283 | Vĩnh Tuy                | Vinh Tuy                | 01            | Phường  | Hà Nội
 00292 | Bạch Mai                | Bach Mai                | 01            | Phường  | Hà Nội
 00301 | Vĩnh Hưng               | Vinh Hung               | 01            | Phường  | Hà Nội
 00316 | Định Công               | Dinh Cong               | 01            | Phường  | Hà Nội
 00322 | Tương Mai               | Tuong Mai               | 01            | Phường  | Hà Nội
 00328 | Lĩnh Nam                | Linh Nam                | 01            | Phường  | Hà Nội
 00331 | Hoàng Mai               | Hoang Mai               | 01            | Phường  | Hà Nội
 00337 | Hoàng Liệt              | Hoang Liet              | 01            | Phường  | Hà Nội
 00340 | Yên Sở                  | Yen So                  | 01            | Phường  | Hà Nội
 00352 | Phương Liệt             | Phuong Liet             | 01            | Phường  | Hà Nội
 00364 | Khương Đình             | Khuong Dinh             | 01            | Phường  | Hà Nội
 00367 | Thanh Xuân              | Thanh Xuan              | 01            | Phường  | Hà Nội
 00376 | Sóc Sơn                 | Soc Son                 | 01            | Xã      | Hà Nội
 00382 | Kim Anh                 | Kim Anh                 | 01            | Xã      | Hà Nội
 00385 | Trung Giã               | Trung Gia               | 01            | Xã      | Hà Nội
 00430 | Đa Phúc                 | Da Phuc                 | 01            | Xã      | Hà Nội
 00433 | Nội Bài                 | Noi Bai                 | 01            | Xã      | Hà Nội
 00454 | Đông Anh                | Dong Anh                | 01            | Xã      | Hà Nội
 00466 | Phúc Thịnh              | Phuc Thinh              | 01            | Xã      | Hà Nội
 00475 | Thư Lâm                 | Thu Lam                 | 01            | Xã      | Hà Nội
 00493 | Thiên Lộc               | Thien Loc               | 01            | Xã      | Hà Nội
 00508 | Vĩnh Thanh              | Vinh Thanh              | 01            | Xã      | Hà Nội
 00541 | Phù Đổng                | Phu Dong                | 01            | Xã      | Hà Nội
 00562 | Thuận An                | Thuan An                | 01            | Xã      | Hà Nội
 00565 | Gia Lâm                 | Gia Lam                 | 01            | Xã      | Hà Nội
 00577 | Bát Tràng               | Bat Trang               | 01            | Xã      | Hà Nội
 00592 | Từ Liêm                 | Tu Liem                 | 01            | Phường  | Hà Nội
 00598 | Thượng Cát              | Thuong Cat              | 01            | Phường  | Hà Nội
 00602 | Đông Ngạc               | Dong Ngac               | 01            | Phường  | Hà Nội
 00611 | Xuân Đỉnh               | Xuan Dinh               | 01            | Phường  | Hà Nội
 00613 | Tây Tựu                 | Tay Tuu                 | 01            | Phường  | Hà Nội
 00619 | Phú Diễn                | Phu Dien                | 01            | Phường  | Hà Nội
 00622 | Xuân Phương             | Xuan Phuong             | 01            | Phường  | Hà Nội
 00634 | Tây Mỗ                  | Tay Mo                  | 01            | Phường  | Hà Nội
 00637 | Đại Mỗ                  | Dai Mo                  | 01            | Phường  | Hà Nội
 00640 | Thanh Trì               | Thanh Tri               | 01            | Xã      | Hà Nội
 00643 | Thanh Liệt              | Thanh Liet              | 01            | Phường  | Hà Nội
 00664 | Đại Thanh               | Dai Thanh               | 01            | Xã      | Hà Nội
 00679 | Ngọc Hồi                | Ngoc Hoi                | 01            | Xã      | Hà Nội
 00685 | Nam Phù                 | Nam Phu                 | 01            | Xã      | Hà Nội
 04930 | Yên Xuân                | Yen Xuan                | 01            | Xã      | Hà Nội
 08974 | Quang Minh              | Quang Minh              | 01            | Xã      | Hà Nội
 08980 | Yên Lãng                | Yen Lang                | 01            | Xã      | Hà Nội
 08995 | Tiến Thắng              | Tien Thang              | 01            | Xã      | Hà Nội
 09022 | Mê Linh                 | Me Linh                 | 01            | Xã      | Hà Nội
 09552 | Kiến Hưng               | Kien Hung               | 01            | Phường  | Hà Nội
 09556 | Hà Đông                 | Ha Dong                 | 01            | Phường  | Hà Nội
 09562 | Yên Nghĩa               | Yen Nghia               | 01            | Phường  | Hà Nội
 09568 | Phú Lương               | Phu Luong               | 01            | Phường  | Hà Nội
 09574 | Sơn Tây                 | Son Tay                 | 01            | Phường  | Hà Nội
 09604 | Tùng Thiện              | Tung Thien              | 01            | Phường  | Hà Nội
 09616 | Đoài Phương             | Doai Phuong             | 01            | Xã      | Hà Nội
 09619 | Quảng Oai               | Quang Oai               | 01            | Xã      | Hà Nội
 09634 | Cổ Đô                   | Co Do                   | 01            | Xã      | Hà Nội
 09661 | Minh Châu               | Minh Chau               | 01            | Xã      | Hà Nội
 09664 | Vật Lại                 | Vat Lai                 | 01            | Xã      | Hà Nội
 09676 | Bất Bạt                 | Bat Bat                 | 01            | Xã      | Hà Nội
 09694 | Suối Hai                | Suoi Hai                | 01            | Xã      | Hà Nội
 09700 | Ba Vì                   | Ba Vi                   | 01            | Xã      | Hà Nội
 09706 | Yên Bài                 | Yen Bai                 | 01            | Xã      | Hà Nội
 09715 | Phúc Thọ                | Phuc Tho                | 01            | Xã      | Hà Nội
 09739 | Phúc Lộc                | Phuc Loc                | 01            | Xã      | Hà Nội
 09772 | Hát Môn                 | Hat Mon                 | 01            | Xã      | Hà Nội
 09784 | Đan Phượng              | Dan Phuong              | 01            | Xã      | Hà Nội
 09787 | Liên Minh               | Lien Minh               | 01            | Xã      | Hà Nội
 09817 | Ô Diên                  | O Dien                  | 01            | Xã      | Hà Nội
 09832 | Hoài Đức                | Hoai Duc                | 01            | Xã      | Hà Nội
 09856 | Dương Hoà               | Duong Hoa               | 01            | Xã      | Hà Nội
 09871 | Sơn Đồng                | Son Dong                | 01            | Xã      | Hà Nội
 09877 | An Khánh                | An Khanh                | 01            | Xã      | Hà Nội
 09886 | Dương Nội               | Duong Noi               | 01            | Phường  | Hà Nội
 09895 | Quốc Oai                | Quoc Oai                | 01            | Xã      | Hà Nội
 09910 | Kiều Phú                | Kieu Phu                | 01            | Xã      | Hà Nội
 09931 | Hưng Đạo                | Hung Dao                | 01            | Xã      | Hà Nội
 09952 | Phú Cát                 | Phu Cat                 | 01            | Xã      | Hà Nội
 09955 | Thạch Thất              | Thach That              | 01            | Xã      | Hà Nội
 09982 | Hạ Bằng                 | Ha Bang                 | 01            | Xã      | Hà Nội
 09988 | Hoà Lạc                 | Hoa Lac                 | 01            | Xã      | Hà Nội
 10003 | Tây Phương              | Tay Phuong              | 01            | Xã      | Hà Nội
 10015 | Chương Mỹ               | Chuong My               | 01            | Phường  | Hà Nội
 10030 | Phú Nghĩa               | Phu Nghia               | 01            | Xã      | Hà Nội
 10045 | Xuân Mai                | Xuan Mai                | 01            | Xã      | Hà Nội
 10072 | Quảng Bị                | Quang Bi                | 01            | Xã      | Hà Nội
 10081 | Trần Phú                | Tran Phu                | 01            | Xã      | Hà Nội
 10096 | Hoà Phú                 | Hoa Phu                 | 01            | Xã      | Hà Nội
 10114 | Thanh Oai               | Thanh Oai               | 01            | Xã      | Hà Nội
 10126 | Bình Minh               | Binh Minh               | 01            | Xã      | Hà Nội
 10144 | Tam Hưng                | Tam Hung                | 01            | Xã      | Hà Nội
 10180 | Dân Hoà                 | Dan Hoa                 | 01            | Xã      | Hà Nội
 10183 | Thường Tín              | Thuong Tin              | 01            | Xã      | Hà Nội
 10210 | Hồng Vân                | Hong Van                | 01            | Xã      | Hà Nội
 10231 | Thượng Phúc             | Thuong Phuc             | 01            | Xã      | Hà Nội
 10237 | Chương Dương            | Chuong Duong            | 01            | Xã      | Hà Nội
 10273 | Phú Xuyên               | Phu Xuyen               | 01            | Xã      | Hà Nội
 10279 | Phượng Dực              | Phuong Duc              | 01            | Xã      | Hà Nội
 10330 | Chuyên Mỹ               | Chuyen My               | 01            | Xã      | Hà Nội
 10342 | Đại Xuyên               | Dai Xuyen               | 01            | Xã      | Hà Nội
 10354 | Vân Đình                | Van Dinh                | 01            | Xã      | Hà Nội
 10369 | Ứng Thiên               | Ung Thien               | 01            | Xã      | Hà Nội
 10402 | Ứng Hoà                 | Ung Hoa                 | 01            | Xã      | Hà Nội
 10417 | Hoà Xá                  | Hoa Xa                  | 01            | Xã      | Hà Nội
 10441 | Mỹ Đức                  | My Duc                  | 01            | Xã      | Hà Nội
 10459 | Phúc Sơn                | Phuc Son                | 01            | Xã      | Hà Nội
 10465 | Hồng Sơn                | Hong Son                | 01            | Xã      | Hà Nội
 10489 | Hương Sơn               | Huong Son               | 01            | Xã      | Hà Nội
 01273 | Thục Phán               | Thuc Phan               | 04            | Phường  | Cao Bằng
 01279 | Nùng Trí Cao            | Nung Tri Cao            | 04            | Phường  | Cao Bằng
 01288 | Tân Giang               | Tan Giang               | 04            | Phường  | Cao Bằng
 01290 | Bảo Lâm                 | Bao Lam                 | 04            | Xã      | Cao Bằng
 01294 | Lý Bôn                  | Ly Bon                  | 04            | Xã      | Cao Bằng
 01297 | Nam Quang               | Nam Quang               | 04            | Xã      | Cao Bằng
 01304 | Quảng Lâm               | Quang Lam               | 04            | Xã      | Cao Bằng
 01318 | Yên Thổ                 | Yen Tho                 | 04            | Xã      | Cao Bằng
 01321 | Bảo Lạc                 | Bao Lac                 | 04            | Xã      | Cao Bằng
 01324 | Cốc Pàng                | Coc Pang                | 04            | Xã      | Cao Bằng
 01327 | Cô Ba                   | Co Ba                   | 04            | Xã      | Cao Bằng
 01336 | Khánh Xuân              | Khanh Xuan              | 04            | Xã      | Cao Bằng
 01339 | Xuân Trường             | Xuan Truong             | 04            | Xã      | Cao Bằng
 01351 | Hưng Đạo                | Hung Dao                | 04            | Xã      | Cao Bằng
 01354 | Huy Giáp                | Huy Giap                | 04            | Xã      | Cao Bằng
 01360 | Sơn Lộ                  | Son Lo                  | 04            | Xã      | Cao Bằng
 01363 | Thông Nông              | Thong Nong              | 04            | Xã      | Cao Bằng
 01366 | Cần Yên                 | Can Yen                 | 04            | Xã      | Cao Bằng
 01387 | Thanh Long              | Thanh Long              | 04            | Xã      | Cao Bằng
 01392 | Trường Hà               | Truong Ha               | 04            | Xã      | Cao Bằng
 01393 | Lũng Nặm                | Lung Nam                | 04            | Xã      | Cao Bằng
 01414 | Tổng Cọt                | Tong Cot                | 04            | Xã      | Cao Bằng
 01438 | Hà Quảng                | Ha Quang                | 04            | Xã      | Cao Bằng
 01447 | Trà Lĩnh                | Tra Linh                | 04            | Xã      | Cao Bằng
 01456 | Quang Hán               | Quang Han               | 04            | Xã      | Cao Bằng
 01465 | Quang Trung             | Quang Trung             | 04            | Xã      | Cao Bằng
 01477 | Trùng Khánh             | Trung Khanh             | 04            | Xã      | Cao Bằng
 01489 | Đình Phong              | Dinh Phong              | 04            | Xã      | Cao Bằng
 01501 | Đàm Thuỷ                | Dam Thuy                | 04            | Xã      | Cao Bằng
 01525 | Đoài Dương              | Doai Duong              | 04            | Xã      | Cao Bằng
 01537 | Lý Quốc                 | Ly Quoc                 | 04            | Xã      | Cao Bằng
 01552 | Quang Long              | Quang Long              | 04            | Xã      | Cao Bằng
 01558 | Hạ Lang                 | Ha Lang                 | 04            | Xã      | Cao Bằng
 01561 | Vinh Quý                | Vinh Quy                | 04            | Xã      | Cao Bằng
 01576 | Quảng Uyên              | Quang Uyen              | 04            | Xã      | Cao Bằng
 01594 | Độc Lập                 | Doc Lap                 | 04            | Xã      | Cao Bằng
 01618 | Hạnh Phúc               | Hanh Phuc               | 04            | Xã      | Cao Bằng
 01636 | Bế Văn Đàn              | Be Van Dan              | 04            | Xã      | Cao Bằng
 01648 | Phục Hoà                | Phuc Hoa                | 04            | Xã      | Cao Bằng
 01654 | Hoà An                  | Hoa An                  | 04            | Xã      | Cao Bằng
 01660 | Nam Tuấn                | Nam Tuan                | 04            | Xã      | Cao Bằng
 01699 | Nguyễn Huệ              | Nguyen Hue              | 04            | Xã      | Cao Bằng
 01708 | Bạch Đằng               | Bach Dang               | 04            | Xã      | Cao Bằng
 01726 | Nguyên Bình             | Nguyen Binh             | 04            | Xã      | Cao Bằng
 01729 | Tĩnh Túc                | Tinh Tuc                | 04            | Xã      | Cao Bằng
 01738 | Ca Thành                | Ca Thanh                | 04            | Xã      | Cao Bằng
 01747 | Minh Tâm                | Minh Tam                | 04            | Xã      | Cao Bằng
 01768 | Phan Thanh              | Phan Thanh              | 04            | Xã      | Cao Bằng
 01774 | Tam Kim                 | Tam Kim                 | 04            | Xã      | Cao Bằng
 01777 | Thành Công              | Thanh Cong              | 04            | Xã      | Cao Bằng
 01786 | Đông Khê                | Dong Khe                | 04            | Xã      | Cao Bằng
 01789 | Canh Tân                | Canh Tan                | 04            | Xã      | Cao Bằng
 01792 | Kim Đồng                | Kim Dong                | 04            | Xã      | Cao Bằng
 01795 | Minh Khai               | Minh Khai               | 04            | Xã      | Cao Bằng
 01807 | Thạch An                | Thach An                | 04            | Xã      | Cao Bằng
 01822 | Đức Long                | Duc Long                | 04            | Xã      | Cao Bằng
 00691 | Hà Giang 2              | Ha Giang 2              | 08            | Phường  | Tuyên Quang
 00694 | Hà Giang 1              | Ha Giang 1              | 08            | Phường  | Tuyên Quang
 00700 | Ngọc Đường              | Ngoc Duong              | 08            | Xã      | Tuyên Quang
 00706 | Phú Linh                | Phu Linh                | 08            | Xã      | Tuyên Quang
 00715 | Lũng Cú                 | Lung Cu                 | 08            | Xã      | Tuyên Quang
 00721 | Đồng Văn                | Dong Van                | 08            | Xã      | Tuyên Quang
 00733 | Sà Phìn                 | Sa Phin                 | 08            | Xã      | Tuyên Quang
 00745 | Phố Bảng                | Pho Bang                | 08            | Xã      | Tuyên Quang
 00763 | Lũng Phìn               | Lung Phin               | 08            | Xã      | Tuyên Quang
 00769 | Mèo Vạc                 | Meo Vac                 | 08            | Xã      | Tuyên Quang
 00778 | Sơn Vĩ                  | Son Vi                  | 08            | Xã      | Tuyên Quang
 00787 | Sủng Máng               | Sung Mang               | 08            | Xã      | Tuyên Quang
 00802 | Khâu Vai                | Khau Vai                | 08            | Xã      | Tuyên Quang
 00808 | Tát Ngà                 | Tat Nga                 | 08            | Xã      | Tuyên Quang
 00817 | Niêm Sơn                | Niem Son                | 08            | Xã      | Tuyên Quang
 00820 | Yên Minh                | Yen Minh                | 08            | Xã      | Tuyên Quang
 00829 | Thắng Mố                | Thang Mo                | 08            | Xã      | Tuyên Quang
 00832 | Bạch Đích               | Bach Dich               | 08            | Xã      | Tuyên Quang
 00847 | Mậu Duệ                 | Mau Due                 | 08            | Xã      | Tuyên Quang
 00859 | Ngọc Long               | Ngoc Long               | 08            | Xã      | Tuyên Quang
 00865 | Đường Thượng            | Duong Thuong            | 08            | Xã      | Tuyên Quang
 00871 | Du Già                  | Du Gia                  | 08            | Xã      | Tuyên Quang
 00874 | Quản Bạ                 | Quan Ba                 | 08            | Xã      | Tuyên Quang
 00883 | Cán Tỷ                  | Can Ty                  | 08            | Xã      | Tuyên Quang
 00889 | Nghĩa Thuận             | Nghia Thuan             | 08            | Xã      | Tuyên Quang
 00892 | Tùng Vài                | Tung Vai                | 08            | Xã      | Tuyên Quang
 00901 | Lùng Tám                | Lung Tam                | 08            | Xã      | Tuyên Quang
 00913 | Vị Xuyên                | Vi Xuyen                | 08            | Xã      | Tuyên Quang
 00919 | Minh Tân                | Minh Tan                | 08            | Xã      | Tuyên Quang
 00922 | Thuận Hoà               | Thuan Hoa               | 08            | Xã      | Tuyên Quang
 00925 | Tùng Bá                 | Tung Ba                 | 08            | Xã      | Tuyên Quang
 00928 | Thanh Thuỷ              | Thanh Thuy              | 08            | Xã      | Tuyên Quang
 00937 | Lao Chải                | Lao Chai                | 08            | Xã      | Tuyên Quang
 00952 | Cao Bồ                  | Cao Bo                  | 08            | Xã      | Tuyên Quang
 00958 | Thượng Sơn              | Thuong Son              | 08            | Xã      | Tuyên Quang
 00967 | Việt Lâm                | Viet Lam                | 08            | Xã      | Tuyên Quang
 00970 | Linh Hồ                 | Linh Ho                 | 08            | Xã      | Tuyên Quang
 00976 | Bạch Ngọc               | Bach Ngoc               | 08            | Xã      | Tuyên Quang
 00982 | Minh Sơn                | Minh Son                | 08            | Xã      | Tuyên Quang
 00985 | Giáp Trung              | Giap Trung              | 08            | Xã      | Tuyên Quang
 00991 | Bắc Mê                  | Bac Me                  | 08            | Xã      | Tuyên Quang
 00994 | Minh Ngọc               | Minh Ngoc               | 08            | Xã      | Tuyên Quang
 01006 | Yên Cường               | Yen Cuong               | 08            | Xã      | Tuyên Quang
 01012 | Đường Hồng              | Duong Hong              | 08            | Xã      | Tuyên Quang
 01021 | Hoàng Su Phì            | Hoang Su Phi            | 08            | Xã      | Tuyên Quang
 01024 | Bản Máy                 | Ban May                 | 08            | Xã      | Tuyên Quang
 01033 | Thàng Tín               | Thang Tin               | 08            | Xã      | Tuyên Quang
 01051 | Tân Tiến                | Tan Tien                | 08            | Xã      | Tuyên Quang
 01057 | Pờ Ly Ngài              | Po Ly Ngai              | 08            | Xã      | Tuyên Quang
 01075 | Nậm Dịch                | Nam Dich                | 08            | Xã      | Tuyên Quang
 01084 | Hồ Thầu                 | Ho Thau                 | 08            | Xã      | Tuyên Quang
 01090 | Thông Nguyên            | Thong Nguyen            | 08            | Xã      | Tuyên Quang
 01096 | Pà Vầy Sủ               | Pa Vay Su               | 08            | Xã      | Tuyên Quang
 01108 | Xín Mần                 | Xin Man                 | 08            | Xã      | Tuyên Quang
 01117 | Trung Thịnh             | Trung Thinh             | 08            | Xã      | Tuyên Quang
 01141 | Nấm Dẩn                 | Nam Dan                 | 08            | Xã      | Tuyên Quang
 01144 | Quảng Nguyên            | Quang Nguyen            | 08            | Xã      | Tuyên Quang
 01147 | Khuôn Lùng              | Khuon Lung              | 08            | Xã      | Tuyên Quang
 01153 | Bắc Quang               | Bac Quang               | 08            | Xã      | Tuyên Quang
 01156 | Vĩnh Tuy                | Vinh Tuy                | 08            | Xã      | Tuyên Quang
 01165 | Đồng Tâm                | Dong Tam                | 08            | Xã      | Tuyên Quang
 01171 | Tân Quang               | Tan Quang               | 08            | Xã      | Tuyên Quang
 01180 | Bằng Hành               | Bang Hanh               | 08            | Xã      | Tuyên Quang
 01192 | Liên Hiệp               | Lien Hiep               | 08            | Xã      | Tuyên Quang
 01201 | Hùng An                 | Hung An                 | 08            | Xã      | Tuyên Quang
 01216 | Đồng Yên                | Dong Yen                | 08            | Xã      | Tuyên Quang
 01225 | Tiên Nguyên             | Tien Nguyen             | 08            | Xã      | Tuyên Quang
 01234 | Yên Thành               | Yen Thanh               | 08            | Xã      | Tuyên Quang
 01237 | Quang Bình              | Quang Binh              | 08            | Xã      | Tuyên Quang
 01243 | Tân Trịnh               | Tan Trinh               | 08            | Xã      | Tuyên Quang
 01246 | Bằng Lang               | Bang Lang               | 08            | Xã      | Tuyên Quang
 01255 | Xuân Giang              | Xuan Giang              | 08            | Xã      | Tuyên Quang
 01261 | Tiên Yên                | Tien Yen                | 08            | Xã      | Tuyên Quang
 02212 | Nông Tiến               | Nong Tien               | 08            | Phường  | Tuyên Quang
 02215 | Minh Xuân               | Minh Xuan               | 08            | Phường  | Tuyên Quang
 02221 | Nà Hang                 | Na Hang                 | 08            | Xã      | Tuyên Quang
 02239 | Thượng Nông             | Thuong Nong             | 08            | Xã      | Tuyên Quang
 02245 | Côn Lôn                 | Con Lon                 | 08            | Xã      | Tuyên Quang
 02248 | Yên Hoa                 | Yen Hoa                 | 08            | Xã      | Tuyên Quang
 02260 | Hồng Thái               | Hong Thai               | 08            | Xã      | Tuyên Quang
 02266 | Lâm Bình                | Lam Binh                | 08            | Xã      | Tuyên Quang
 02269 | Thượng Lâm              | Thuong Lam              | 08            | Xã      | Tuyên Quang
 02287 | Chiêm Hoá               | Chiem Hoa               | 08            | Xã      | Tuyên Quang
 02296 | Bình An                 | Binh An                 | 08            | Xã      | Tuyên Quang
 02302 | Minh Quang              | Minh Quang              | 08            | Xã      | Tuyên Quang
 02305 | Trung Hà                | Trung Ha                | 08            | Xã      | Tuyên Quang
 02308 | Tân Mỹ                  | Tan My                  | 08            | Xã      | Tuyên Quang
 02317 | Yên Lập                 | Yen Lap                 | 08            | Xã      | Tuyên Quang
 02320 | Tân An                  | Tan An                  | 08            | Xã      | Tuyên Quang
 02332 | Kiên Đài                | Kien Dai                | 08            | Xã      | Tuyên Quang
 02350 | Kim Bình                | Kim Binh                | 08            | Xã      | Tuyên Quang
 02353 | Hoà An                  | Hoa An                  | 08            | Xã      | Tuyên Quang
 02359 | Tri Phú                 | Tri Phu                 | 08            | Xã      | Tuyên Quang
 02365 | Yên Nguyên              | Yen Nguyen              | 08            | Xã      | Tuyên Quang
 02374 | Hàm Yên                 | Ham Yen                 | 08            | Xã      | Tuyên Quang
 02380 | Bạch Xa                 | Bach Xa                 | 08            | Xã      | Tuyên Quang
 02392 | Phù Lưu                 | Phu Luu                 | 08            | Xã      | Tuyên Quang
 02398 | Yên Phú                 | Yen Phu                 | 08            | Xã      | Tuyên Quang
 02404 | Bình Xa                 | Binh Xa                 | 08            | Xã      | Tuyên Quang
 02407 | Thái Sơn                | Thai Son                | 08            | Xã      | Tuyên Quang
 02419 | Thái Hoà                | Thai Hoa                | 08            | Xã      | Tuyên Quang
 02425 | Hùng Đức                | Hung Duc                | 08            | Xã      | Tuyên Quang
 02434 | Lực Hành                | Luc Hanh                | 08            | Xã      | Tuyên Quang
 02437 | Kiến Thiết              | Kien Thiet              | 08            | Xã      | Tuyên Quang
 02449 | Xuân Vân                | Xuan Van                | 08            | Xã      | Tuyên Quang
 02455 | Hùng Lợi                | Hung Loi                | 08            | Xã      | Tuyên Quang
 02458 | Trung Sơn               | Trung Son               | 08            | Xã      | Tuyên Quang
 02470 | Tân Long                | Tan Long                | 08            | Xã      | Tuyên Quang
 02473 | Yên Sơn                 | Yen Son                 | 08            | Xã      | Tuyên Quang
 02494 | Thái Bình               | Thai Binh               | 08            | Xã      | Tuyên Quang
 02509 | Mỹ Lâm                  | My Lam                  | 08            | Phường  | Tuyên Quang
 02512 | An Tường                | An Tuong                | 08            | Phường  | Tuyên Quang
 02524 | Bình Thuận              | Binh Thuan              | 08            | Phường  | Tuyên Quang
 02530 | Nhữ Khê                 | Nhu Khe                 | 08            | Xã      | Tuyên Quang
 02536 | Sơn Dương               | Son Duong               | 08            | Xã      | Tuyên Quang
 02545 | Tân Trào                | Tan Trao                | 08            | Xã      | Tuyên Quang
 02548 | Bình Ca                 | Binh Ca                 | 08            | Xã      | Tuyên Quang
 02554 | Minh Thanh              | Minh Thanh              | 08            | Xã      | Tuyên Quang
 02572 | Đông Thọ                | Dong Tho                | 08            | Xã      | Tuyên Quang
 02578 | Tân Thanh               | Tan Thanh               | 08            | Xã      | Tuyên Quang
 02608 | Hồng Sơn                | Hong Son                | 08            | Xã      | Tuyên Quang
 02611 | Phú Lương               | Phu Luong               | 08            | Xã      | Tuyên Quang
 02620 | Sơn Thuỷ                | Son Thuy                | 08            | Xã      | Tuyên Quang
 02623 | Trường Sinh             | Truong Sinh             | 08            | Xã      | Tuyên Quang
 03127 | Điện Biên Phủ           | Dien Bien Phu           | 11            | Phường  | Điện Biên
 03151 | Mường Lay               | Muong Lay               | 11            | Phường  | Điện Biên
 03158 | Sín Thầu                | Sin Thau                | 11            | Xã      | Điện Biên
 03160 | Mường Nhé               | Muong Nhe               | 11            | Xã      | Điện Biên
 03162 | Nậm Kè                  | Nam Ke                  | 11            | Xã      | Điện Biên
 03163 | Mường Toong             | Muong Toong             | 11            | Xã      | Điện Biên
 03164 | Quảng Lâm               | Quang Lam               | 11            | Xã      | Điện Biên
 03166 | Mường Chà               | Muong Cha               | 11            | Xã      | Điện Biên
 03169 | Nà Hỳ                   | Na Hy                   | 11            | Xã      | Điện Biên
 03172 | Na Sang                 | Na Sang                 | 11            | Xã      | Điện Biên
 03175 | Chà Tở                  | Cha To                  | 11            | Xã      | Điện Biên
 03176 | Nà Bủng                 | Na Bung                 | 11            | Xã      | Điện Biên
 03181 | Mường Tùng              | Muong Tung              | 11            | Xã      | Điện Biên
 03193 | Pa Ham                  | Pa Ham                  | 11            | Xã      | Điện Biên
 03194 | Nậm Nèn                 | Nam Nen                 | 11            | Xã      | Điện Biên
 03199 | Si Pa Phìn              | Si Pa Phin              | 11            | Xã      | Điện Biên
 03202 | Mường Pồn               | Muong Pon               | 11            | Xã      | Điện Biên
 03203 | Na Son                  | Na Son                  | 11            | Xã      | Điện Biên
 03208 | Xa Dung                 | Xa Dung                 | 11            | Xã      | Điện Biên
 03214 | Mường Luân              | Muong Luan              | 11            | Xã      | Điện Biên
 03217 | Tủa Chùa                | Tua Chua                | 11            | Xã      | Điện Biên
 03220 | Tủa Thàng               | Tua Thang               | 11            | Xã      | Điện Biên
 03226 | Sín Chải                | Sin Chai                | 11            | Xã      | Điện Biên
 03241 | Sính Phình              | Sinh Phinh              | 11            | Xã      | Điện Biên
 03244 | Sáng Nhè                | Sang Nhe                | 11            | Xã      | Điện Biên
 03253 | Tuần Giáo               | Tuan Giao               | 11            | Xã      | Điện Biên
 03256 | Mường Ảng               | Muong Ang               | 11            | Xã      | Điện Biên
 03260 | Pú Nhung                | Pu Nhung                | 11            | Xã      | Điện Biên
 03268 | Mường Mùn               | Muong Mun               | 11            | Xã      | Điện Biên
 03283 | Chiềng Sinh             | Chieng Sinh             | 11            | Xã      | Điện Biên
 03295 | Quài Tở                 | Quai To                 | 11            | Xã      | Điện Biên
 03301 | Búng Lao                | Bung Lao                | 11            | Xã      | Điện Biên
 03313 | Mường Lạn               | Muong Lan               | 11            | Xã      | Điện Biên
 03316 | Nà Tấu                  | Na Tau                  | 11            | Xã      | Điện Biên
 03325 | Mường Phăng             | Muong Phang             | 11            | Xã      | Điện Biên
 03328 | Thanh Nưa               | Thanh Nua               | 11            | Xã      | Điện Biên
 03334 | Mường Thanh             | Muong Thanh             | 11            | Phường  | Điện Biên
 03349 | Thanh Yên               | Thanh Yen               | 11            | Xã      | Điện Biên
 03352 | Thanh An                | Thanh An                | 11            | Xã      | Điện Biên
 03356 | Sam Mứn                 | Sam Mun                 | 11            | Xã      | Điện Biên
 03358 | Núa Ngam                | Nua Ngam                | 11            | Xã      | Điện Biên
 03368 | Mường Nhà               | Muong Nha               | 11            | Xã      | Điện Biên
 03370 | Pu Nhi                  | Pu Nhi                  | 11            | Xã      | Điện Biên
 03382 | Phình Giàng             | Phinh Giang             | 11            | Xã      | Điện Biên
 03385 | Tìa Dình                | Tia Dinh                | 11            | Xã      | Điện Biên
 03388 | Đoàn Kết                | Doan Ket                | 12            | Phường  | Lai Châu
 03390 | Bình Lư                 | Binh Lu                 | 12            | Xã      | Lai Châu
 03394 | Sin Suối Hồ             | Sin Suoi Ho             | 12            | Xã      | Lai Châu
 03405 | Tả Lèng                 | Ta Leng                 | 12            | Xã      | Lai Châu
 03408 | Tân Phong               | Tan Phong               | 12            | Phường  | Lai Châu
 03424 | Bản Bo                  | Ban Bo                  | 12            | Xã      | Lai Châu
 03430 | Khun Há                 | Khun Ha                 | 12            | Xã      | Lai Châu
 03433 | Bum Tở                  | Bum To                  | 12            | Xã      | Lai Châu
 03434 | Nậm Hàng                | Nam Hang                | 12            | Xã      | Lai Châu
 03439 | Thu Lũm                 | Thu Lum                 | 12            | Xã      | Lai Châu
 03442 | Pa Ủ                    | Pa U                    | 12            | Xã      | Lai Châu
 03445 | Mường Tè                | Muong Te                | 12            | Xã      | Lai Châu
 03451 | Mù Cả                   | Mu Ca                   | 12            | Xã      | Lai Châu
 03460 | Hua Bum                 | Hua Bum                 | 12            | Xã      | Lai Châu
 03463 | Tà Tổng                 | Ta Tong                 | 12            | Xã      | Lai Châu
 03466 | Bum Nưa                 | Bum Nua                 | 12            | Xã      | Lai Châu
 03472 | Mường Mô                | Muong Mo                | 12            | Xã      | Lai Châu
 03478 | Sìn Hồ                  | Sin Ho                  | 12            | Xã      | Lai Châu
 03487 | Lê Lợi                  | Le Loi                  | 12            | Xã      | Lai Châu
 03503 | Pa Tần                  | Pa Tan                  | 12            | Xã      | Lai Châu
 03508 | Hồng Thu                | Hong Thu                | 12            | Xã      | Lai Châu
 03517 | Nậm Tăm                 | Nam Tam                 | 12            | Xã      | Lai Châu
 03529 | Tủa Sín Chải            | Tua Sin Chai            | 12            | Xã      | Lai Châu
 03532 | Pu Sam Cáp              | Pu Sam Cap              | 12            | Xã      | Lai Châu
 03538 | Nậm Mạ                  | Nam Ma                  | 12            | Xã      | Lai Châu
 03544 | Nậm Cuổi                | Nam Cuoi                | 12            | Xã      | Lai Châu
 03549 | Phong Thổ               | Phong Tho               | 12            | Xã      | Lai Châu
 03562 | Sì Lở Lầu               | Si Lo Lau               | 12            | Xã      | Lai Châu
 03571 | Dào San                 | Dao San                 | 12            | Xã      | Lai Châu
 03583 | Khổng Lào               | Khong Lao               | 12            | Xã      | Lai Châu
 03595 | Than Uyên               | Than Uyen               | 12            | Xã      | Lai Châu
 03598 | Tân Uyên                | Tan Uyen                | 12            | Xã      | Lai Châu
 03601 | Mường Khoa              | Muong Khoa              | 12            | Xã      | Lai Châu
 03613 | Nậm Sỏ                  | Nam So                  | 12            | Xã      | Lai Châu
 03616 | Pắc Ta                  | Pac Ta                  | 12            | Xã      | Lai Châu
 03618 | Mường Than              | Muong Than              | 12            | Xã      | Lai Châu
 03637 | Mường Kim               | Muong Kim               | 12            | Xã      | Lai Châu
 03640 | Khoen On                | Khoen On                | 12            | Xã      | Lai Châu
 03646 | Tô Hiệu                 | To Hieu                 | 14            | Phường  | Sơn La
 03664 | Chiềng An               | Chieng An               | 14            | Phường  | Sơn La
 03670 | Chiềng Cơi              | Chieng Coi              | 14            | Phường  | Sơn La
 03679 | Chiềng Sinh             | Chieng Sinh             | 14            | Phường  | Sơn La
 03688 | Mường Chiên             | Muong Chien             | 14            | Xã      | Sơn La
 03694 | Mường Giôn              | Muong Gion              | 14            | Xã      | Sơn La
 03703 | Quỳnh Nhai              | Quynh Nhai              | 14            | Xã      | Sơn La
 03712 | Mường Sại               | Muong Sai               | 14            | Xã      | Sơn La
 03721 | Thuận Châu              | Thuan Chau              | 14            | Xã      | Sơn La
 03724 | Bình Thuận              | Binh Thuan              | 14            | Xã      | Sơn La
 03727 | Mường É                 | Muong E                 | 14            | Xã      | Sơn La
 03754 | Chiềng La               | Chieng La               | 14            | Xã      | Sơn La
 03757 | Mường Khiêng            | Muong Khieng            | 14            | Xã      | Sơn La
 03760 | Mường Bám               | Muong Bam               | 14            | Xã      | Sơn La
 03763 | Long Hẹ                 | Long He                 | 14            | Xã      | Sơn La
 03781 | Co Mạ                   | Co Ma                   | 14            | Xã      | Sơn La
 03784 | Nậm Lầu                 | Nam Lau                 | 14            | Xã      | Sơn La
 03799 | Muổi Nọi                | Muoi Noi                | 14            | Xã      | Sơn La
 03808 | Mường La                | Muong La                | 14            | Xã      | Sơn La
 03814 | Chiềng Lao              | Chieng Lao              | 14            | Xã      | Sơn La
 03820 | Ngọc Chiến              | Ngoc Chien              | 14            | Xã      | Sơn La
 03847 | Mường Bú                | Muong Bu                | 14            | Xã      | Sơn La
 03850 | Chiềng Hoa              | Chieng Hoa              | 14            | Xã      | Sơn La
 03856 | Bắc Yên                 | Bac Yen                 | 14            | Xã      | Sơn La
 03862 | Xím Vàng                | Xim Vang                | 14            | Xã      | Sơn La
 03868 | Tà Xùa                  | Ta Xua                  | 14            | Xã      | Sơn La
 03871 | Pắc Ngà                 | Pac Nga                 | 14            | Xã      | Sơn La
 03880 | Tạ Khoa                 | Ta Khoa                 | 14            | Xã      | Sơn La
 03892 | Chiềng Sại              | Chieng Sai              | 14            | Xã      | Sơn La
 03901 | Suối Tọ                 | Suoi To                 | 14            | Xã      | Sơn La
 03907 | Mường Cơi               | Muong Coi               | 14            | Xã      | Sơn La
 03910 | Phù Yên                 | Phu Yen                 | 14            | Xã      | Sơn La
 03922 | Gia Phù                 | Gia Phu                 | 14            | Xã      | Sơn La
 03943 | Mường Bang              | Muong Bang              | 14            | Xã      | Sơn La
 03958 | Tường Hạ                | Tuong Ha                | 14            | Xã      | Sơn La
 03961 | Kim Bon                 | Kim Bon                 | 14            | Xã      | Sơn La
 03970 | Tân Phong               | Tan Phong               | 14            | Xã      | Sơn La
 03979 | Mộc Sơn                 | Moc Son                 | 14            | Phường  | Sơn La
 03980 | Mộc Châu                | Moc Chau                | 14            | Phường  | Sơn La
 03982 | Thảo Nguyên             | Thao Nguyen             | 14            | Phường  | Sơn La
 03985 | Chiềng Sơn              | Chieng Son              | 14            | Xã      | Sơn La
 03997 | Tân Yên                 | Tan Yen                 | 14            | Xã      | Sơn La
 04000 | Đoàn Kết                | Doan Ket                | 14            | Xã      | Sơn La
 04006 | Song Khủa               | Song Khua               | 14            | Xã      | Sơn La
 04018 | Tô Múa                  | To Mua                  | 14            | Xã      | Sơn La
 04033 | Vân Sơn                 | Van Son                 | 14            | Phường  | Sơn La
 04045 | Lóng Sập                | Long Sap                | 14            | Xã      | Sơn La
 04048 | Vân Hồ                  | Van Ho                  | 14            | Xã      | Sơn La
 04057 | Xuân Nha                | Xuan Nha                | 14            | Xã      | Sơn La
 04075 | Yên Châu                | Yen Chau                | 14            | Xã      | Sơn La
 04078 | Chiềng Hặc              | Chieng Hac              | 14            | Xã      | Sơn La
 04087 | Yên Sơn                 | Yen Son                 | 14            | Xã      | Sơn La
 04096 | Lóng Phiêng             | Long Phieng             | 14            | Xã      | Sơn La
 04099 | Phiêng Khoài            | Phieng Khoai            | 14            | Xã      | Sơn La
 04105 | Mai Sơn                 | Mai Son                 | 14            | Xã      | Sơn La
 04108 | Chiềng Sung             | Chieng Sung             | 14            | Xã      | Sơn La
 04117 | Mường Chanh             | Muong Chanh             | 14            | Xã      | Sơn La
 04123 | Chiềng Mung             | Chieng Mung             | 14            | Xã      | Sơn La
 04132 | Chiềng Mai              | Chieng Mai              | 14            | Xã      | Sơn La
 04136 | Tà Hộc                  | Ta Hoc                  | 14            | Xã      | Sơn La
 04144 | Phiêng Cằm              | Phieng Cam              | 14            | Xã      | Sơn La
 04159 | Phiêng Pằn              | Phieng Pan              | 14            | Xã      | Sơn La
 04168 | Sông Mã                 | Song Ma                 | 14            | Xã      | Sơn La
 04171 | Bó Sinh                 | Bo Sinh                 | 14            | Xã      | Sơn La
 04183 | Mường Lầm               | Muong Lam               | 14            | Xã      | Sơn La
 04186 | Nậm Ty                  | Nam Ty                  | 14            | Xã      | Sơn La
 04195 | Chiềng Sơ               | Chieng So               | 14            | Xã      | Sơn La
 04204 | Chiềng Khoong           | Chieng Khoong           | 14            | Xã      | Sơn La
 04210 | Huổi Một                | Huoi Mot                | 14            | Xã      | Sơn La
 04219 | Mường Hung              | Muong Hung              | 14            | Xã      | Sơn La
 04222 | Chiềng Khương           | Chieng Khuong           | 14            | Xã      | Sơn La
 04228 | Púng Bánh               | Pung Banh               | 14            | Xã      | Sơn La
 04231 | Sốp Cộp                 | Sop Cop                 | 14            | Xã      | Sơn La
 04240 | Mường Lèo               | Muong Leo               | 14            | Xã      | Sơn La
 04246 | Mường Lạn               | Muong Lan               | 14            | Xã      | Sơn La
 02647 | Lào Cai                 | Lao Cai                 | 15            | Phường  | Lào Cai
 02671 | Cam Đường               | Cam Duong               | 15            | Phường  | Lào Cai
 02680 | Hợp Thành               | Hop Thanh               | 15            | Xã      | Lào Cai
 02683 | Bát Xát                 | Bat Xat                 | 15            | Xã      | Lào Cai
 02686 | A Mú Sung               | A Mu Sung               | 15            | Xã      | Lào Cai
 02695 | Trịnh Tường             | Trinh Tuong             | 15            | Xã      | Lào Cai
 02701 | Y Tý                    | Y Ty                    | 15            | Xã      | Lào Cai
 02707 | Dền Sáng                | Den Sang                | 15            | Xã      | Lào Cai
 02725 | Bản Xèo                 | Ban Xeo                 | 15            | Xã      | Lào Cai
 02728 | Mường Hum               | Muong Hum               | 15            | Xã      | Lào Cai
 02746 | Cốc San                 | Coc San                 | 15            | Xã      | Lào Cai
 02752 | Pha Long                | Pha Long                | 15            | Xã      | Lào Cai
 02761 | Mường Khương            | Muong Khuong            | 15            | Xã      | Lào Cai
 02782 | Cao Sơn                 | Cao Son                 | 15            | Xã      | Lào Cai
 02788 | Bản Lầu                 | Ban Lau                 | 15            | Xã      | Lào Cai
 02809 | Si Ma Cai               | Si Ma Cai               | 15            | Xã      | Lào Cai
 02824 | Sín Chéng               | Sin Cheng               | 15            | Xã      | Lào Cai
 02839 | Bắc Hà                  | Bac Ha                  | 15            | Xã      | Lào Cai
 02842 | Tả Củ Tỷ                | Ta Cu Ty                | 15            | Xã      | Lào Cai
 02848 | Lùng Phình              | Lung Phinh              | 15            | Xã      | Lào Cai
 02869 | Bản Liền                | Ban Lien                | 15            | Xã      | Lào Cai
 02890 | Bảo Nhai                | Bao Nhai                | 15            | Xã      | Lào Cai
 02896 | Cốc Lầu                 | Coc Lau                 | 15            | Xã      | Lào Cai
 02902 | Phong Hải               | Phong Hai               | 15            | Xã      | Lào Cai
 02905 | Bảo Thắng               | Bao Thang               | 15            | Xã      | Lào Cai
 02908 | Tằng Loỏng              | Tang Loong              | 15            | Xã      | Lào Cai
 02923 | Gia Phú                 | Gia Phu                 | 15            | Xã      | Lào Cai
 02926 | Xuân Quang              | Xuan Quang              | 15            | Xã      | Lào Cai
 02947 | Bảo Yên                 | Bao Yen                 | 15            | Xã      | Lào Cai
 02953 | Nghĩa Đô                | Nghia Do                | 15            | Xã      | Lào Cai
 02962 | Xuân Hoà                | Xuan Hoa                | 15            | Xã      | Lào Cai
 02968 | Thượng Hà               | Thuong Ha               | 15            | Xã      | Lào Cai
 02989 | Bảo Hà                  | Bao Ha                  | 15            | Xã      | Lào Cai
 02998 | Phúc Khánh              | Phuc Khanh              | 15            | Xã      | Lào Cai
 03004 | Ngũ Chỉ Sơn             | Ngu Chi Son             | 15            | Xã      | Lào Cai
 03006 | Sa Pa                   | Sa Pa                   | 15            | Phường  | Lào Cai
 03013 | Tả Phìn                 | Ta Phin                 | 15            | Xã      | Lào Cai
 03037 | Tả Van                  | Ta Van                  | 15            | Xã      | Lào Cai
 03043 | Mường Bo                | Muong Bo                | 15            | Xã      | Lào Cai
 03046 | Bản Hồ                  | Ban Ho                  | 15            | Xã      | Lào Cai
 03061 | Võ Lao                  | Vo Lao                  | 15            | Xã      | Lào Cai
 03076 | Nậm Chày                | Nam Chay                | 15            | Xã      | Lào Cai
 03082 | Văn Bàn                 | Van Ban                 | 15            | Xã      | Lào Cai
 03085 | Nậm Xé                  | Nam Xe                  | 15            | Xã      | Lào Cai
 03091 | Chiềng Ken              | Chieng Ken              | 15            | Xã      | Lào Cai
 03103 | Khánh Yên               | Khanh Yen               | 15            | Xã      | Lào Cai
 03106 | Dương Quỳ               | Duong Quy               | 15            | Xã      | Lào Cai
 03121 | Minh Lương              | Minh Luong              | 15            | Xã      | Lào Cai
 04252 | Yên Bái                 | Yen Bai                 | 15            | Phường  | Lào Cai
 04273 | Nam Cường               | Nam Cuong               | 15            | Phường  | Lào Cai
 04279 | Văn Phú                 | Van Phu                 | 15            | Phường  | Lào Cai
 04288 | Nghĩa Lộ                | Nghia Lo                | 15            | Phường  | Lào Cai
 04303 | Lục Yên                 | Luc Yen                 | 15            | Xã      | Lào Cai
 04309 | Lâm Thượng              | Lam Thuong              | 15            | Xã      | Lào Cai
 04336 | Tân Lĩnh                | Tan Linh                | 15            | Xã      | Lào Cai
 04342 | Khánh Hoà               | Khanh Hoa               | 15            | Xã      | Lào Cai
 04345 | Mường Lai               | Muong Lai               | 15            | Xã      | Lào Cai
 04363 | Phúc Lợi                | Phuc Loi                | 15            | Xã      | Lào Cai
 04375 | Mậu A                   | Mau A                   | 15            | Xã      | Lào Cai
 04381 | Lâm Giang               | Lam Giang               | 15            | Xã      | Lào Cai
 04387 | Châu Quế                | Chau Que                | 15            | Xã      | Lào Cai
 04399 | Đông Cuông              | Dong Cuong              | 15            | Xã      | Lào Cai
 04402 | Phong Dụ Hạ             | Phong Du Ha             | 15            | Xã      | Lào Cai
 04423 | Phong Dụ Thượng         | Phong Du Thuong         | 15            | Xã      | Lào Cai
 04429 | Tân Hợp                 | Tan Hop                 | 15            | Xã      | Lào Cai
 04441 | Xuân Ái                 | Xuan Ai                 | 15            | Xã      | Lào Cai
 04450 | Mỏ Vàng                 | Mo Vang                 | 15            | Xã      | Lào Cai
 04456 | Mù Cang Chải            | Mu Cang Chai            | 15            | Xã      | Lào Cai
 04462 | Nậm Có                  | Nam Co                  | 15            | Xã      | Lào Cai
 04465 | Khao Mang               | Khao Mang               | 15            | Xã      | Lào Cai
 04474 | Lao Chải                | Lao Chai                | 15            | Xã      | Lào Cai
 04489 | Chế Tạo                 | Che Tao                 | 15            | Xã      | Lào Cai
 04492 | Púng Luông              | Pung Luong              | 15            | Xã      | Lào Cai
 04498 | Trấn Yên                | Tran Yen                | 15            | Xã      | Lào Cai
 04531 | Quy Mông                | Quy Mong                | 15            | Xã      | Lào Cai
 04537 | Lương Thịnh             | Luong Thinh             | 15            | Xã      | Lào Cai
 04543 | Âu Lâu                  | Au Lau                  | 15            | Phường  | Lào Cai
 04564 | Việt Hồng               | Viet Hong               | 15            | Xã      | Lào Cai
 04576 | Hưng Khánh              | Hung Khanh              | 15            | Xã      | Lào Cai
 04585 | Hạnh Phúc               | Hanh Phuc               | 15            | Xã      | Lào Cai
 04603 | Tà Xi Láng              | Ta Xi Lang              | 15            | Xã      | Lào Cai
 04606 | Trạm Tấu                | Tram Tau                | 15            | Xã      | Lào Cai
 04609 | Phình Hồ                | Phinh Ho                | 15            | Xã      | Lào Cai
 04630 | Tú Lệ                   | Tu Le                   | 15            | Xã      | Lào Cai
 04636 | Gia Hội                 | Gia Hoi                 | 15            | Xã      | Lào Cai
 04651 | Sơn Lương               | Son Luong               | 15            | Xã      | Lào Cai
 04660 | Liên Sơn                | Lien Son                | 15            | Xã      | Lào Cai
 04663 | Trung Tâm               | Trung Tam               | 15            | Phường  | Lào Cai
 04672 | Văn Chấn                | Van Chan                | 15            | Xã      | Lào Cai
 04681 | Cầu Thia                | Cau Thia                | 15            | Phường  | Lào Cai
 04693 | Cát Thịnh               | Cat Thinh               | 15            | Xã      | Lào Cai
 04699 | Chấn Thịnh              | Chan Thinh              | 15            | Xã      | Lào Cai
 04705 | Thượng Bằng La          | Thuong Bang La          | 15            | Xã      | Lào Cai
 04711 | Nghĩa Tâm               | Nghia Tam               | 15            | Xã      | Lào Cai
 04714 | Yên Bình                | Yen Binh                | 15            | Xã      | Lào Cai
 04717 | Thác Bà                 | Thac Ba                 | 15            | Xã      | Lào Cai
 04726 | Cảm Nhân                | Cam Nhan                | 15            | Xã      | Lào Cai
 04744 | Yên Thành               | Yen Thanh               | 15            | Xã      | Lào Cai
 04750 | Bảo Ái                  | Bao Ai                  | 15            | Xã      | Lào Cai
 01840 | Đức Xuân                | Duc Xuan                | 19            | Phường  | Thái Nguyên
 01843 | Bắc Kạn                 | Bac Kan                 | 19            | Phường  | Thái Nguyên
 01849 | Phong Quang             | Phong Quang             | 19            | Xã      | Thái Nguyên
 01864 | Bằng Thành              | Bang Thanh              | 19            | Xã      | Thái Nguyên
 01879 | Cao Minh                | Cao Minh                | 19            | Xã      | Thái Nguyên
 01882 | Nghiên Loan             | Nghien Loan             | 19            | Xã      | Thái Nguyên
 01894 | Phúc Lộc                | Phuc Loc                | 19            | Xã      | Thái Nguyên
 01906 | Ba Bể                   | Ba Be                   | 19            | Xã      | Thái Nguyên
 01912 | Chợ Rã                  | Cho Ra                  | 19            | Xã      | Thái Nguyên
 01921 | Thượng Minh             | Thuong Minh             | 19            | Xã      | Thái Nguyên
 01933 | Đồng Phúc               | Dong Phuc               | 19            | Xã      | Thái Nguyên
 01936 | Nà Phặc                 | Na Phac                 | 19            | Xã      | Thái Nguyên
 01942 | Bằng Vân                | Bang Van                | 19            | Xã      | Thái Nguyên
 01954 | Ngân Sơn                | Ngan Son                | 19            | Xã      | Thái Nguyên
 01957 | Thượng Quan             | Thuong Quan             | 19            | Xã      | Thái Nguyên
 01960 | Hiệp Lực                | Hiep Luc                | 19            | Xã      | Thái Nguyên
 01969 | Phủ Thông               | Phu Thong               | 19            | Xã      | Thái Nguyên
 01981 | Vĩnh Thông              | Vinh Thong              | 19            | Xã      | Thái Nguyên
 02008 | Cẩm Giàng               | Cam Giang               | 19            | Xã      | Thái Nguyên
 02014 | Bạch Thông              | Bach Thong              | 19            | Xã      | Thái Nguyên
 02020 | Chợ Đồn                 | Cho Don                 | 19            | Xã      | Thái Nguyên
 02026 | Nam Cường               | Nam Cuong               | 19            | Xã      | Thái Nguyên
 02038 | Quảng Bạch              | Quang Bach              | 19            | Xã      | Thái Nguyên
 02044 | Yên Thịnh               | Yen Thinh               | 19            | Xã      | Thái Nguyên
 02071 | Nghĩa Tá                | Nghia Ta                | 19            | Xã      | Thái Nguyên
 02083 | Yên Phong               | Yen Phong               | 19            | Xã      | Thái Nguyên
 02086 | Chợ Mới                 | Cho Moi                 | 19            | Xã      | Thái Nguyên
 02101 | Thanh Mai               | Thanh Mai               | 19            | Xã      | Thái Nguyên
 02104 | Tân Kỳ                  | Tan Ky                  | 19            | Xã      | Thái Nguyên
 02107 | Thanh Thịnh             | Thanh Thinh             | 19            | Xã      | Thái Nguyên
 02116 | Yên Bình                | Yen Binh                | 19            | Xã      | Thái Nguyên
 02143 | Văn Lang                | Van Lang                | 19            | Xã      | Thái Nguyên
 02152 | Cường Lợi               | Cuong Loi               | 19            | Xã      | Thái Nguyên
 02155 | Na Rì                   | Na Ri                   | 19            | Xã      | Thái Nguyên
 02176 | Trần Phú                | Tran Phu                | 19            | Xã      | Thái Nguyên
 02185 | Côn Minh                | Con Minh                | 19            | Xã      | Thái Nguyên
 02191 | Xuân Dương              | Xuan Duong              | 19            | Xã      | Thái Nguyên
 05443 | Phan Đình Phùng         | Phan Dinh Phung         | 19            | Phường  | Thái Nguyên
 05455 | Quyết Thắng             | Quyet Thang             | 19            | Phường  | Thái Nguyên
 05467 | Gia Sàng                | Gia Sang                | 19            | Phường  | Thái Nguyên
 05482 | Quan Triều              | Quan Trieu              | 19            | Phường  | Thái Nguyên
 05488 | Đại Phúc                | Dai Phuc                | 19            | Xã      | Thái Nguyên
 05500 | Tích Lương              | Tich Luong              | 19            | Phường  | Thái Nguyên
 05503 | Tân Cương               | Tan Cuong               | 19            | Xã      | Thái Nguyên
 05518 | Sông Công               | Song Cong               | 19            | Phường  | Thái Nguyên
 05528 | Bách Quang              | Bach Quang              | 19            | Phường  | Thái Nguyên
 05533 | Bá Xuyên                | Ba Xuyen                | 19            | Phường  | Thái Nguyên
 05542 | Lam Vỹ                  | Lam Vy                  | 19            | Xã      | Thái Nguyên
 05551 | Kim Phượng              | Kim Phuong              | 19            | Xã      | Thái Nguyên
 05563 | Phượng Tiến             | Phuong Tien             | 19            | Xã      | Thái Nguyên
 05569 | Định Hoá                | Dinh Hoa                | 19            | Xã      | Thái Nguyên
 05581 | Trung Hội               | Trung Hoi               | 19            | Xã      | Thái Nguyên
 05587 | Bình Yên                | Binh Yen                | 19            | Xã      | Thái Nguyên
 05602 | Phú Đình                | Phu Dinh                | 19            | Xã      | Thái Nguyên
 05605 | Bình Thành              | Binh Thanh              | 19            | Xã      | Thái Nguyên
 05611 | Phú Lương               | Phu Luong               | 19            | Xã      | Thái Nguyên
 05620 | Yên Trạch               | Yen Trach               | 19            | Xã      | Thái Nguyên
 05632 | Hợp Thành               | Hop Thanh               | 19            | Xã      | Thái Nguyên
 05641 | Vô Tranh                | Vo Tranh                | 19            | Xã      | Thái Nguyên
 05662 | Trại Cau                | Trai Cau                | 19            | Xã      | Thái Nguyên
 05665 | Văn Lăng                | Van Lang                | 19            | Xã      | Thái Nguyên
 05674 | Quang Sơn               | Quang Son               | 19            | Xã      | Thái Nguyên
 05680 | Văn Hán                 | Van Han                 | 19            | Xã      | Thái Nguyên
 05692 | Đồng Hỷ                 | Dong Hy                 | 19            | Xã      | Thái Nguyên
 05707 | Nam Hoà                 | Nam Hoa                 | 19            | Xã      | Thái Nguyên
 05710 | Linh Sơn                | Linh Son                | 19            | Phường  | Thái Nguyên
 05716 | Võ Nhai                 | Vo Nhai                 | 19            | Xã      | Thái Nguyên
 05719 | Sảng Mộc                | Sang Moc                | 19            | Xã      | Thái Nguyên
 05722 | Nghinh Tường            | Nghinh Tuong            | 19            | Xã      | Thái Nguyên
 05725 | Thần Sa                 | Than Sa                 | 19            | Xã      | Thái Nguyên
 05740 | La Hiên                 | La Hien                 | 19            | Xã      | Thái Nguyên
 05746 | Tràng Xá                | Trang Xa                | 19            | Xã      | Thái Nguyên
 05755 | Dân Tiến                | Dan Tien                | 19            | Xã      | Thái Nguyên
 05773 | Phú Xuyên               | Phu Xuyen               | 19            | Xã      | Thái Nguyên
 05776 | Đức Lương               | Duc Luong               | 19            | Xã      | Thái Nguyên
 05788 | Phú Lạc                 | Phu Lac                 | 19            | Xã      | Thái Nguyên
 05800 | Phú Thịnh               | Phu Thinh               | 19            | Xã      | Thái Nguyên
 05809 | An Khánh                | An Khanh                | 19            | Xã      | Thái Nguyên
 05818 | La Bằng                 | La Bang                 | 19            | Xã      | Thái Nguyên
 05830 | Đại Từ                  | Dai Tu                  | 19            | Xã      | Thái Nguyên
 05845 | Vạn Phú                 | Van Phu                 | 19            | Xã      | Thái Nguyên
 05851 | Quân Chu                | Quan Chu                | 19            | Xã      | Thái Nguyên
 05857 | Phúc Thuận              | Phuc Thuan              | 19            | Phường  | Thái Nguyên
 05860 | Phổ Yên                 | Pho Yen                 | 19            | Phường  | Thái Nguyên
 05881 | Thành Công              | Thanh Cong              | 19            | Xã      | Thái Nguyên
 05890 | Vạn Xuân                | Van Xuan                | 19            | Phường  | Thái Nguyên
 05899 | Trung Thành             | Trung Thanh             | 19            | Phường  | Thái Nguyên
 05908 | Phú Bình                | Phu Binh                | 19            | Xã      | Thái Nguyên
 05917 | Tân Khánh               | Tan Khanh               | 19            | Xã      | Thái Nguyên
 05923 | Tân Thành               | Tan Thanh               | 19            | Xã      | Thái Nguyên
 05941 | Điềm Thuỵ               | Diem Thuy               | 19            | Xã      | Thái Nguyên
 05953 | Kha Sơn                 | Kha Son                 | 19            | Xã      | Thái Nguyên
 05977 | Đông Kinh               | Dong Kinh               | 20            | Phường  | Lạng Sơn
 05983 | Lương Văn Tri           | Luong Van Tri           | 20            | Phường  | Lạng Sơn
 05986 | Tam Thanh               | Tam Thanh               | 20            | Phường  | Lạng Sơn
 06001 | Đoàn Kết                | Doan Ket                | 20            | Xã      | Lạng Sơn
 06004 | Quốc Khánh              | Quoc Khanh              | 20            | Xã      | Lạng Sơn
 06019 | Tân Tiến                | Tan Tien                | 20            | Xã      | Lạng Sơn
 06037 | Kháng Chiến             | Khang Chien             | 20            | Xã      | Lạng Sơn
 06040 | Thất Khê                | That Khe                | 20            | Xã      | Lạng Sơn
 06046 | Tràng Định              | Trang Dinh              | 20            | Xã      | Lạng Sơn
 06058 | Quốc Việt               | Quoc Viet               | 20            | Xã      | Lạng Sơn
 06073 | Hoa Thám                | Hoa Tham                | 20            | Xã      | Lạng Sơn
 06076 | Quý Hoà                 | Quy Hoa                 | 20            | Xã      | Lạng Sơn
 06079 | Hồng Phong              | Hong Phong              | 20            | Xã      | Lạng Sơn
 06085 | Thiện Hoà               | Thien Hoa               | 20            | Xã      | Lạng Sơn
 06091 | Thiện Thuật             | Thien Thuat             | 20            | Xã      | Lạng Sơn
 06103 | Thiện Long              | Thien Long              | 20            | Xã      | Lạng Sơn
 06112 | Bình Gia                | Binh Gia                | 20            | Xã      | Lạng Sơn
 06115 | Tân Văn                 | Tan Van                 | 20            | Xã      | Lạng Sơn
 06124 | Na Sầm                  | Na Sam                  | 20            | Xã      | Lạng Sơn
 06148 | Thuỵ Hùng               | Thuy Hung               | 20            | Xã      | Lạng Sơn
 06151 | Hội Hoan                | Hoi Hoan                | 20            | Xã      | Lạng Sơn
 06154 | Văn Lãng                | Van Lang                | 20            | Xã      | Lạng Sơn
 06172 | Hoàng Văn Thụ           | Hoang Van Thu           | 20            | Xã      | Lạng Sơn
 06184 | Đồng Đăng               | Dong Dang               | 20            | Xã      | Lạng Sơn
 06187 | Kỳ Lừa                  | Ky Lua                  | 20            | Phường  | Lạng Sơn
 06196 | Ba Sơn                  | Ba Son                  | 20            | Xã      | Lạng Sơn
 06211 | Cao Lộc                 | Cao Loc                 | 20            | Xã      | Lạng Sơn
 06220 | Công Sơn                | Cong Son                | 20            | Xã      | Lạng Sơn
 06253 | Văn Quan                | Van Quan                | 20            | Xã      | Lạng Sơn
 06280 | Điềm He                 | Diem He                 | 20            | Xã      | Lạng Sơn
 06286 | Khánh Khê               | Khanh Khe               | 20            | Xã      | Lạng Sơn
 06298 | Yên Phúc                | Yen Phuc                | 20            | Xã      | Lạng Sơn
 06313 | Tri Lễ                  | Tri Le                  | 20            | Xã      | Lạng Sơn
 06316 | Tân Đoàn                | Tan Doan                | 20            | Xã      | Lạng Sơn
 06325 | Bắc Sơn                 | Bac Son                 | 20            | Xã      | Lạng Sơn
 06337 | Tân Tri                 | Tan Tri                 | 20            | Xã      | Lạng Sơn
 06349 | Hưng Vũ                 | Hung Vu                 | 20            | Xã      | Lạng Sơn
 06364 | Vũ Lễ                   | Vu Le                   | 20            | Xã      | Lạng Sơn
 06367 | Vũ Lăng                 | Vu Lang                 | 20            | Xã      | Lạng Sơn
 06376 | Nhất Hoà                | Nhat Hoa                | 20            | Xã      | Lạng Sơn
 06385 | Hữu Lũng                | Huu Lung                | 20            | Xã      | Lạng Sơn
 06391 | Yên Bình                | Yen Binh                | 20            | Xã      | Lạng Sơn
 06400 | Hữu Liên                | Huu Lien                | 20            | Xã      | Lạng Sơn
 06415 | Vân Nham                | Van Nham                | 20            | Xã      | Lạng Sơn
 06427 | Cai Kinh                | Cai Kinh                | 20            | Xã      | Lạng Sơn
 06436 | Thiện Tân               | Thien Tan               | 20            | Xã      | Lạng Sơn
 06445 | Tân Thành               | Tan Thanh               | 20            | Xã      | Lạng Sơn
 06457 | Tuấn Sơn                | Tuan Son                | 20            | Xã      | Lạng Sơn
 06463 | Chi Lăng                | Chi Lang                | 20            | Xã      | Lạng Sơn
 06475 | Bằng Mạc                | Bang Mac                | 20            | Xã      | Lạng Sơn
 06481 | Chiến Thắng             | Chien Thang             | 20            | Xã      | Lạng Sơn
 06496 | Nhân Lý                 | Nhan Ly                 | 20            | Xã      | Lạng Sơn
 06505 | Vạn Linh                | Van Linh                | 20            | Xã      | Lạng Sơn
 06517 | Quan Sơn                | Quan Son                | 20            | Xã      | Lạng Sơn
 06526 | Na Dương                | Na Duong                | 20            | Xã      | Lạng Sơn
 06529 | Lộc Bình                | Loc Binh                | 20            | Xã      | Lạng Sơn
 06541 | Mẫu Sơn                 | Mau Son                 | 20            | Xã      | Lạng Sơn
 06565 | Khuất Xá                | Khuat Xa                | 20            | Xã      | Lạng Sơn
 06577 | Thống Nhất              | Thong Nhat              | 20            | Xã      | Lạng Sơn
 06601 | Lợi Bác                 | Loi Bac                 | 20            | Xã      | Lạng Sơn
 06607 | Xuân Dương              | Xuan Duong              | 20            | Xã      | Lạng Sơn
 06613 | Đình Lập                | Dinh Lap                | 20            | Xã      | Lạng Sơn
 06616 | Thái Bình               | Thai Binh               | 20            | Xã      | Lạng Sơn
 06625 | Kiên Mộc                | Kien Moc                | 20            | Xã      | Lạng Sơn
 06637 | Châu Sơn                | Chau Son                | 20            | Xã      | Lạng Sơn
 06652 | Hà Tu                   | Ha Tu                   | 22            | Phường  | Quảng Ninh
 06658 | Cao Xanh                | Cao Xanh                | 22            | Phường  | Quảng Ninh
 06661 | Việt Hưng               | Viet Hung               | 22            | Phường  | Quảng Ninh
 06673 | Bãi Cháy                | Bai Chay                | 22            | Phường  | Quảng Ninh
 06676 | Hà Lầm                  | Ha Lam                  | 22            | Phường  | Quảng Ninh
 06685 | Hồng Gai                | Hong Gai                | 22            | Phường  | Quảng Ninh
 06688 | Hạ Long                 | Ha Long                 | 22            | Phường  | Quảng Ninh
 06706 | Tuần Châu               | Tuan Chau               | 22            | Phường  | Quảng Ninh
 06709 | Móng Cái 2              | Mong Cai 2              | 22            | Phường  | Quảng Ninh
 06712 | Móng Cái 1              | Mong Cai 1              | 22            | Phường  | Quảng Ninh
 06724 | Hải Sơn                 | Hai Son                 | 22            | Xã      | Quảng Ninh
 06733 | Hải Ninh                | Hai Ninh                | 22            | Xã      | Quảng Ninh
 06736 | Móng Cái 3              | Mong Cai 3              | 22            | Phường  | Quảng Ninh
 06757 | Vĩnh Thực               | Vinh Thuc               | 22            | Xã      | Quảng Ninh
 06760 | Mông Dương              | Mong Duong              | 22            | Phường  | Quảng Ninh
 06778 | Quang Hanh              | Quang Hanh              | 22            | Phường  | Quảng Ninh
 06781 | Cửa Ông                 | Cua Ong                 | 22            | Phường  | Quảng Ninh
 06793 | Cẩm Phả                 | Cam Pha                 | 22            | Phường  | Quảng Ninh
 06799 | Hải Hoà                 | Hai Hoa                 | 22            | Xã      | Quảng Ninh
 06811 | Uông Bí                 | Uong Bi                 | 22            | Phường  | Quảng Ninh
 06820 | Vàng Danh               | Vang Danh               | 22            | Phường  | Quảng Ninh
 06832 | Yên Tử                  | Yen Tu                  | 22            | Phường  | Quảng Ninh
 06838 | Bình Liêu               | Binh Lieu               | 22            | Xã      | Quảng Ninh
 06841 | Hoành Mô                | Hoanh Mo                | 22            | Xã      | Quảng Ninh
 06856 | Lục Hồn                 | Luc Hon                 | 22            | Xã      | Quảng Ninh
 06862 | Tiên Yên                | Tien Yen                | 22            | Xã      | Quảng Ninh
 06874 | Điền Xá                 | Dien Xa                 | 22            | Xã      | Quảng Ninh
 06877 | Đông Ngũ                | Dong Ngu                | 22            | Xã      | Quảng Ninh
 06886 | Hải Lạng                | Hai Lang                | 22            | Xã      | Quảng Ninh
 06895 | Đầm Hà                  | Dam Ha                  | 22            | Xã      | Quảng Ninh
 06913 | Quảng Tân               | Quang Tan               | 22            | Xã      | Quảng Ninh
 06922 | Quảng Hà                | Quang Ha                | 22            | Xã      | Quảng Ninh
 06931 | Quảng Đức               | Quang Duc               | 22            | Xã      | Quảng Ninh
 06946 | Đường Hoa               | Duong Hoa               | 22            | Xã      | Quảng Ninh
 06967 | Cái Chiên               | Cai Chien               | 22            | Xã      | Quảng Ninh
 06978 | Ba Chẽ                  | Ba Che                  | 22            | Xã      | Quảng Ninh
 06979 | Kỳ Thượng               | Ky Thuong               | 22            | Xã      | Quảng Ninh
 06985 | Lương Minh              | Luong Minh              | 22            | Xã      | Quảng Ninh
 06994 | Vân Đồn                 | Van Don                 | 22            | Đặc khu | Quảng Ninh
 07030 | Hoành Bồ                | Hoanh Bo                | 22            | Phường  | Quảng Ninh
 07054 | Quảng La                | Quang La                | 22            | Xã      | Quảng Ninh
 07060 | Thống Nhất              | Thong Nhat              | 22            | Xã      | Quảng Ninh
 07069 | Mạo Khê                 | Mao Khe                 | 22            | Phường  | Quảng Ninh
 07081 | Bình Khê                | Binh Khe                | 22            | Phường  | Quảng Ninh
 07090 | An Sinh                 | An Sinh                 | 22            | Phường  | Quảng Ninh
 07093 | Đông Triều              | Dong Trieu              | 22            | Phường  | Quảng Ninh
 07114 | Hoàng Quế               | Hoang Que               | 22            | Phường  | Quảng Ninh
 07132 | Quảng Yên               | Quang Yen               | 22            | Phường  | Quảng Ninh
 07135 | Đông Mai                | Dong Mai                | 22            | Phường  | Quảng Ninh
 07147 | Hiệp Hoà                | Hiep Hoa                | 22            | Phường  | Quảng Ninh
 07168 | Hà An                   | Ha An                   | 22            | Phường  | Quảng Ninh
 07180 | Liên Hoà                | Lien Hoa                | 22            | Phường  | Quảng Ninh
 07183 | Phong Cốc               | Phong Coc               | 22            | Phường  | Quảng Ninh
 07192 | Cô Tô                   | Co To                   | 22            | Đặc khu | Quảng Ninh
 07210 | Bắc Giang               | Bac Giang               | 24            | Phường  | Bắc Ninh
 07228 | Đa Mai                  | Da Mai                  | 24            | Phường  | Bắc Ninh
 07246 | Xuân Lương              | Xuan Luong              | 24            | Xã      | Bắc Ninh
 07264 | Tam Tiến                | Tam Tien                | 24            | Xã      | Bắc Ninh
 07282 | Đồng Kỳ                 | Dong Ky                 | 24            | Xã      | Bắc Ninh
 07288 | Yên Thế                 | Yen The                 | 24            | Xã      | Bắc Ninh
 07294 | Bố Hạ                   | Bo Ha                   | 24            | Xã      | Bắc Ninh
 07306 | Nhã Nam                 | Nha Nam                 | 24            | Xã      | Bắc Ninh
 07330 | Phúc Hoà                | Phuc Hoa                | 24            | Xã      | Bắc Ninh
 07333 | Quang Trung             | Quang Trung             | 24            | Xã      | Bắc Ninh
 07339 | Tân Yên                 | Tan Yen                 | 24            | Xã      | Bắc Ninh
 07351 | Ngọc Thiện              | Ngoc Thien              | 24            | Xã      | Bắc Ninh
 07375 | Lạng Giang              | Lang Giang              | 24            | Xã      | Bắc Ninh
 07381 | Tiên Lục                | Tien Luc                | 24            | Xã      | Bắc Ninh
 07399 | Kép                     | Kep                     | 24            | Xã      | Bắc Ninh
 07420 | Mỹ Thái                 | My Thai                 | 24            | Xã      | Bắc Ninh
 07432 | Tân Dĩnh                | Tan Dinh                | 24            | Xã      | Bắc Ninh
 07444 | Lục Nam                 | Luc Nam                 | 24            | Xã      | Bắc Ninh
 07450 | Đông Phú                | Dong Phu                | 24            | Xã      | Bắc Ninh
 07462 | Bảo Đài                 | Bao Dai                 | 24            | Xã      | Bắc Ninh
 07486 | Nghĩa Phương            | Nghia Phuong            | 24            | Xã      | Bắc Ninh
 07489 | Trường Sơn              | Truong Son              | 24            | Xã      | Bắc Ninh
 07492 | Lục Sơn                 | Luc Son                 | 24            | Xã      | Bắc Ninh
 07498 | Bắc Lũng                | Bac Lung                | 24            | Xã      | Bắc Ninh
 07519 | Cẩm Lý                  | Cam Ly                  | 24            | Xã      | Bắc Ninh
 07525 | Chũ                     | Chu                     | 24            | Phường  | Bắc Ninh
 07531 | Tân Sơn                 | Tan Son                 | 24            | Xã      | Bắc Ninh
 07534 | Sa Lý                   | Sa Ly                   | 24            | Xã      | Bắc Ninh
 07537 | Biên Sơn                | Bien Son                | 24            | Xã      | Bắc Ninh
 07543 | Sơn Hải                 | Son Hai                 | 24            | Xã      | Bắc Ninh
 07552 | Kiên Lao                | Kien Lao                | 24            | Xã      | Bắc Ninh
 07573 | Biển Động               | Bien Dong               | 24            | Xã      | Bắc Ninh
 07582 | Lục Ngạn                | Luc Ngan                | 24            | Xã      | Bắc Ninh
 07594 | Đèo Gia                 | Deo Gia                 | 24            | Xã      | Bắc Ninh
 07603 | Nam Dương               | Nam Duong               | 24            | Xã      | Bắc Ninh
 07612 | Phượng Sơn              | Phuong Son              | 24            | Phường  | Bắc Ninh
 07615 | Sơn Động                | Son Dong                | 24            | Xã      | Bắc Ninh
 07616 | Tây Yên Tử              | Tay Yen Tu              | 24            | Xã      | Bắc Ninh
 07621 | Vân Sơn                 | Van Son                 | 24            | Xã      | Bắc Ninh
 07627 | Đại Sơn                 | Dai Son                 | 24            | Xã      | Bắc Ninh
 07642 | Yên Định                | Yen Dinh                | 24            | Xã      | Bắc Ninh
 07654 | An Lạc                  | An Lac                  | 24            | Xã      | Bắc Ninh
 07663 | Tuấn Đạo                | Tuan Dao                | 24            | Xã      | Bắc Ninh
 07672 | Dương Hưu               | Duong Huu               | 24            | Xã      | Bắc Ninh
 07681 | Yên Dũng                | Yen Dung                | 24            | Phường  | Bắc Ninh
 07682 | Tân An                  | Tan An                  | 24            | Phường  | Bắc Ninh
 07696 | Tiền Phong              | Tien Phong              | 24            | Phường  | Bắc Ninh
 07699 | Tân Tiến                | Tan Tien                | 24            | Phường  | Bắc Ninh
 07735 | Đồng Việt               | Dong Viet               | 24            | Xã      | Bắc Ninh
 07738 | Cảnh Thuỵ               | Canh Thuy               | 24            | Phường  | Bắc Ninh
 07774 | Tự Lạn                  | Tu Lan                  | 24            | Phường  | Bắc Ninh
 07777 | Việt Yên                | Viet Yen                | 24            | Phường  | Bắc Ninh
 07795 | Nếnh                    | Nenh                    | 24            | Phường  | Bắc Ninh
 07798 | Vân Hà                  | Van Ha                  | 24            | Phường  | Bắc Ninh
 07822 | Hoàng Vân               | Hoang Van               | 24            | Xã      | Bắc Ninh
 07840 | Hiệp Hoà                | Hiep Hoa                | 24            | Xã      | Bắc Ninh
 07864 | Hợp Thịnh               | Hop Thinh               | 24            | Xã      | Bắc Ninh
 07870 | Xuân Cẩm                | Xuan Cam                | 24            | Xã      | Bắc Ninh
 09169 | Vũ Ninh                 | Vu Ninh                 | 24            | Phường  | Bắc Ninh
 09187 | Kinh Bắc                | Kinh Bac                | 24            | Phường  | Bắc Ninh
 09190 | Võ Cường                | Vo Cuong                | 24            | Phường  | Bắc Ninh
 09193 | Yên Phong               | Yen Phong               | 24            | Xã      | Bắc Ninh
 09202 | Tam Giang               | Tam Giang               | 24            | Xã      | Bắc Ninh
 09205 | Yên Trung               | Yen Trung               | 24            | Xã      | Bắc Ninh
 09208 | Tam Đa                  | Tam Da                  | 24            | Xã      | Bắc Ninh
 09238 | Văn Môn                 | Van Mon                 | 24            | Xã      | Bắc Ninh
 09247 | Quế Võ                  | Que Vo                  | 24            | Phường  | Bắc Ninh
 09253 | Nhân Hoà                | Nhan Hoa                | 24            | Phường  | Bắc Ninh
 09265 | Phương Liễu             | Phuong Lieu             | 24            | Phường  | Bắc Ninh
 09286 | Nam Sơn                 | Nam Son                 | 24            | Phường  | Bắc Ninh
 09292 | Phù Lãng                | Phu Lang                | 24            | Xã      | Bắc Ninh
 09295 | Bồng Lai                | Bong Lai                | 24            | Phường  | Bắc Ninh
 09301 | Đào Viên                | Dao Vien                | 24            | Phường  | Bắc Ninh
 09313 | Chi Lăng                | Chi Lang                | 24            | Xã      | Bắc Ninh
 09319 | Tiên Du                 | Tien Du                 | 24            | Xã      | Bắc Ninh
 09325 | Hạp Lĩnh                | Hap Linh                | 24            | Phường  | Bắc Ninh
 09334 | Liên Bão                | Lien Bao                | 24            | Xã      | Bắc Ninh
 09340 | Đại Đồng                | Dai Dong                | 24            | Xã      | Bắc Ninh
 09343 | Tân Chi                 | Tan Chi                 | 24            | Xã      | Bắc Ninh
 09349 | Phật Tích               | Phat Tich               | 24            | Xã      | Bắc Ninh
 09367 | Từ Sơn                  | Tu Son                  | 24            | Phường  | Bắc Ninh
 09370 | Tam Sơn                 | Tam Son                 | 24            | Phường  | Bắc Ninh
 09379 | Phù Khê                 | Phu Khe                 | 24            | Phường  | Bắc Ninh
 09385 | Đồng Nguyên             | Dong Nguyen             | 24            | Phường  | Bắc Ninh
 09400 | Thuận Thành             | Thuan Thanh             | 24            | Phường  | Bắc Ninh
 09409 | Mão Điền                | Mao Dien                | 24            | Phường  | Bắc Ninh
 09427 | Trí Quả                 | Tri Qua                 | 24            | Phường  | Bắc Ninh
 09430 | Trạm Lộ                 | Tram Lo                 | 24            | Phường  | Bắc Ninh
 09433 | Song Liễu               | Song Lieu               | 24            | Phường  | Bắc Ninh
 09445 | Ninh Xá                 | Ninh Xa                 | 24            | Phường  | Bắc Ninh
 09454 | Gia Bình                | Gia Binh                | 24            | Xã      | Bắc Ninh
 09466 | Cao Đức                 | Cao Duc                 | 24            | Xã      | Bắc Ninh
 09469 | Đại Lai                 | Dai Lai                 | 24            | Xã      | Bắc Ninh
 09475 | Nhân Thắng              | Nhan Thang              | 24            | Xã      | Bắc Ninh
 09487 | Đông Cứu                | Dong Cuu                | 24            | Xã      | Bắc Ninh
 09496 | Lương Tài               | Luong Tai               | 24            | Xã      | Bắc Ninh
 09499 | Trung Kênh              | Trung Kenh              | 24            | Xã      | Bắc Ninh
 09523 | Trung Chính             | Trung Chinh             | 24            | Xã      | Bắc Ninh
 09529 | Lâm Thao                | Lam Thao                | 24            | Xã      | Bắc Ninh
 04792 | Tân Hoà                 | Tan Hoa                 | 25            | Phường  | Phú Thọ
 04795 | Hoà Bình                | Hoa Binh                | 25            | Phường  | Phú Thọ
 04828 | Thống Nhất              | Thong Nhat              | 25            | Phường  | Phú Thọ
 04831 | Đà Bắc                  | Da Bac                  | 25            | Xã      | Phú Thọ
 04846 | Đức Nhàn                | Duc Nhan                | 25            | Xã      | Phú Thọ
 04849 | Tân Pheo                | Tan Pheo                | 25            | Xã      | Phú Thọ
 04873 | Quy Đức                 | Quy Duc                 | 25            | Xã      | Phú Thọ
 04876 | Cao Sơn                 | Cao Son                 | 25            | Xã      | Phú Thọ
 04891 | Tiền Phong              | Tien Phong              | 25            | Xã      | Phú Thọ
 04894 | Kỳ Sơn                  | Ky Son                  | 25            | Phường  | Phú Thọ
 04897 | Thịnh Minh              | Thinh Minh              | 25            | Xã      | Phú Thọ
 04924 | Lương Sơn               | Luong Son               | 25            | Xã      | Phú Thọ
 04960 | Liên Sơn                | Lien Son                | 25            | Xã      | Phú Thọ
 04978 | Kim Bôi                 | Kim Boi                 | 25            | Xã      | Phú Thọ
 04990 | Nật Sơn                 | Nat Son                 | 25            | Xã      | Phú Thọ
 05014 | Mường Động              | Muong Dong              | 25            | Xã      | Phú Thọ
 05047 | Cao Dương               | Cao Duong               | 25            | Xã      | Phú Thọ
 05068 | Hợp Kim                 | Hop Kim                 | 25            | Xã      | Phú Thọ
 05086 | Dũng Tiến               | Dung Tien               | 25            | Xã      | Phú Thọ
 05089 | Cao Phong               | Cao Phong               | 25            | Xã      | Phú Thọ
 05092 | Thung Nai               | Thung Nai               | 25            | Xã      | Phú Thọ
 05116 | Mường Thàng             | Muong Thang             | 25            | Xã      | Phú Thọ
 05128 | Tân Lạc                 | Tan Lac                 | 25            | Xã      | Phú Thọ
 05134 | Mường Hoa               | Muong Hoa               | 25            | Xã      | Phú Thọ
 05152 | Vân Sơn                 | Van Son                 | 25            | Xã      | Phú Thọ
 05158 | Mường Bi                | Muong Bi                | 25            | Xã      | Phú Thọ
 05191 | Toàn Thắng              | Toan Thang              | 25            | Xã      | Phú Thọ
 05200 | Mai Châu                | Mai Chau                | 25            | Xã      | Phú Thọ
 05206 | Tân Mai                 | Tan Mai                 | 25            | Xã      | Phú Thọ
 05212 | Pà Cò                   | Pa Co                   | 25            | Xã      | Phú Thọ
 05245 | Bao La                  | Bao La                  | 25            | Xã      | Phú Thọ
 05251 | Mai Hạ                  | Mai Ha                  | 25            | Xã      | Phú Thọ
 05266 | Lạc Sơn                 | Lac Son                 | 25            | Xã      | Phú Thọ
 05287 | Mường Vang              | Muong Vang              | 25            | Xã      | Phú Thọ
 05290 | Nhân Nghĩa              | Nhan Nghia              | 25            | Xã      | Phú Thọ
 05293 | Thượng Cốc              | Thuong Coc              | 25            | Xã      | Phú Thọ
 05305 | Yên Phú                 | Yen Phu                 | 25            | Xã      | Phú Thọ
 05323 | Quyết Thắng             | Quyet Thang             | 25            | Xã      | Phú Thọ
 05329 | Ngọc Sơn                | Ngoc Son                | 25            | Xã      | Phú Thọ
 05347 | Đại Đồng                | Dai Dong                | 25            | Xã      | Phú Thọ
 05353 | Yên Thuỷ                | Yen Thuy                | 25            | Xã      | Phú Thọ
 05362 | Lạc Lương               | Lac Luong               | 25            | Xã      | Phú Thọ
 05386 | Yên Trị                 | Yen Tri                 | 25            | Xã      | Phú Thọ
 05392 | Lạc Thuỷ                | Lac Thuy                | 25            | Xã      | Phú Thọ
 05395 | An Nghĩa                | An Nghia                | 25            | Xã      | Phú Thọ
 05425 | An Bình                 | An Binh                 | 25            | Xã      | Phú Thọ
 07894 | Nông Trang              | Nong Trang              | 25            | Phường  | Phú Thọ
 07900 | Việt Trì                | Viet Tri                | 25            | Phường  | Phú Thọ
 07909 | Thanh Miếu              | Thanh Mieu              | 25            | Phường  | Phú Thọ
 07918 | Vân Phú                 | Van Phu                 | 25            | Phường  | Phú Thọ
 07942 | Phú Thọ                 | Phu Tho                 | 25            | Phường  | Phú Thọ
 07948 | Âu Cơ                   | Au Co                   | 25            | Phường  | Phú Thọ
 07954 | Phong Châu              | Phong Chau              | 25            | Phường  | Phú Thọ
 07969 | Đoan Hùng               | Doan Hung               | 25            | Xã      | Phú Thọ
 07996 | Bằng Luân               | Bang Luan               | 25            | Xã      | Phú Thọ
 07999 | Chí Đám                 | Chi Dam                 | 25            | Xã      | Phú Thọ
 08023 | Tây Cốc                 | Tay Coc                 | 25            | Xã      | Phú Thọ
 08038 | Chân Mộng               | Chan Mong               | 25            | Xã      | Phú Thọ
 08053 | Hạ Hoà                  | Ha Hoa                  | 25            | Xã      | Phú Thọ
 08071 | Đan Thượng              | Dan Thuong              | 25            | Xã      | Phú Thọ
 08110 | Hiền Lương              | Hien Luong              | 25            | Xã      | Phú Thọ
 08113 | Yên Kỳ                  | Yen Ky                  | 25            | Xã      | Phú Thọ
 08134 | Văn Lang                | Van Lang                | 25            | Xã      | Phú Thọ
 08143 | Vĩnh Chân               | Vinh Chan               | 25            | Xã      | Phú Thọ
 08152 | Thanh Ba                | Thanh Ba                | 25            | Xã      | Phú Thọ
 08173 | Quảng Yên               | Quang Yen               | 25            | Xã      | Phú Thọ
 08203 | Hoàng Cương             | Hoang Cuong             | 25            | Xã      | Phú Thọ
 08209 | Đông Thành              | Dong Thanh              | 25            | Xã      | Phú Thọ
 08218 | Chí Tiên                | Chi Tien                | 25            | Xã      | Phú Thọ
 08227 | Liên Minh               | Lien Minh               | 25            | Xã      | Phú Thọ
 08230 | Phù Ninh                | Phu Ninh                | 25            | Xã      | Phú Thọ
 08236 | Phú Mỹ                  | Phu My                  | 25            | Xã      | Phú Thọ
 08245 | Trạm Thản               | Tram Than               | 25            | Xã      | Phú Thọ
 08254 | Dân Chủ                 | Dan Chu                 | 25            | Xã      | Phú Thọ
 08275 | Bình Phú                | Binh Phu                | 25            | Xã      | Phú Thọ
 08290 | Yên Lập                 | Yen Lap                 | 25            | Xã      | Phú Thọ
 08296 | Sơn Lương               | Son Luong               | 25            | Xã      | Phú Thọ
 08305 | Xuân Viên               | Xuan Vien               | 25            | Xã      | Phú Thọ
 08311 | Trung Sơn               | Trung Son               | 25            | Xã      | Phú Thọ
 08323 | Thượng Long             | Thuong Long             | 25            | Xã      | Phú Thọ
 08338 | Minh Hoà                | Minh Hoa                | 25            | Xã      | Phú Thọ
 08341 | Cẩm Khê                 | Cam Khe                 | 25            | Xã      | Phú Thọ
 08344 | Tiên Lương              | Tien Luong              | 25            | Xã      | Phú Thọ
 08377 | Vân Bán                 | Van Ban                 | 25            | Xã      | Phú Thọ
 08398 | Phú Khê                 | Phu Khe                 | 25            | Xã      | Phú Thọ
 08416 | Hùng Việt               | Hung Viet               | 25            | Xã      | Phú Thọ
 08431 | Đồng Lương              | Dong Luong              | 25            | Xã      | Phú Thọ
 08434 | Tam Nông                | Tam Nong                | 25            | Xã      | Phú Thọ
 08443 | Hiền Quan               | Hien Quan               | 25            | Xã      | Phú Thọ
 08467 | Vạn Xuân                | Van Xuan                | 25            | Xã      | Phú Thọ
 08479 | Thọ Văn                 | Tho Van                 | 25            | Xã      | Phú Thọ
 08494 | Lâm Thao                | Lam Thao                | 25            | Xã      | Phú Thọ
 08500 | Xuân Lũng               | Xuan Lung               | 25            | Xã      | Phú Thọ
 08515 | Hy Cương                | Hy Cuong                | 25            | Xã      | Phú Thọ
 08521 | Phùng Nguyên            | Phung Nguyen            | 25            | Xã      | Phú Thọ
 08527 | Bản Nguyên              | Ban Nguyen              | 25            | Xã      | Phú Thọ
 08542 | Thanh Sơn               | Thanh Son               | 25            | Xã      | Phú Thọ
 08545 | Thu Cúc                 | Thu Cuc                 | 25            | Xã      | Phú Thọ
 08560 | Lai Đồng                | Lai Dong                | 25            | Xã      | Phú Thọ
 08566 | Tân Sơn                 | Tan Son                 | 25            | Xã      | Phú Thọ
 08584 | Võ Miếu                 | Vo Mieu                 | 25            | Xã      | Phú Thọ
 08590 | Xuân Đài                | Xuan Dai                | 25            | Xã      | Phú Thọ
 08593 | Minh Đài                | Minh Dai                | 25            | Xã      | Phú Thọ
 08611 | Văn Miếu                | Van Mieu                | 25            | Xã      | Phú Thọ
 08614 | Cự Đồng                 | Cu Dong                 | 25            | Xã      | Phú Thọ
 08620 | Long Cốc                | Long Coc                | 25            | Xã      | Phú Thọ
 08632 | Hương Cần               | Huong Can               | 25            | Xã      | Phú Thọ
 08635 | Khả Cửu                 | Kha Cuu                 | 25            | Xã      | Phú Thọ
 08656 | Yên Sơn                 | Yen Son                 | 25            | Xã      | Phú Thọ
 08662 | Đào Xá                  | Dao Xa                  | 25            | Xã      | Phú Thọ
 08674 | Thanh Thuỷ              | Thanh Thuy              | 25            | Xã      | Phú Thọ
 08686 | Tu Vũ                   | Tu Vu                   | 25            | Xã      | Phú Thọ
 08707 | Vĩnh Yên                | Vinh Yen                | 25            | Phường  | Phú Thọ
 08716 | Vĩnh Phúc               | Vinh Phuc               | 25            | Phường  | Phú Thọ
 08740 | Phúc Yên                | Phuc Yen                | 25            | Phường  | Phú Thọ
 08746 | Xuân Hoà                | Xuan Hoa                | 25            | Phường  | Phú Thọ
 08761 | Lập Thạch               | Lap Thach               | 25            | Xã      | Phú Thọ
 08770 | Hợp Lý                  | Hop Ly                  | 25            | Xã      | Phú Thọ
 08773 | Yên Lãng                | Yen Lang                | 25            | Xã      | Phú Thọ
 08782 | Hải Lựu                 | Hai Luu                 | 25            | Xã      | Phú Thọ
 08788 | Thái Hoà                | Thai Hoa                | 25            | Xã      | Phú Thọ
 08812 | Liên Hoà                | Lien Hoa                | 25            | Xã      | Phú Thọ
 08824 | Tam Sơn                 | Tam Son                 | 25            | Xã      | Phú Thọ
 08842 | Tiên Lữ                 | Tien Lu                 | 25            | Xã      | Phú Thọ
 08848 | Sông Lô                 | Song Lo                 | 25            | Xã      | Phú Thọ
 08866 | Sơn Đông                | Son Dong                | 25            | Xã      | Phú Thọ
 08869 | Tam Dương               | Tam Duong               | 25            | Xã      | Phú Thọ
 08872 | Tam Dương Bắc           | Tam Duong Bac           | 25            | Xã      | Phú Thọ
 08896 | Hoàng An                | Hoang An                | 25            | Xã      | Phú Thọ
 08905 | Hội Thịnh               | Hoi Thinh               | 25            | Xã      | Phú Thọ
 08911 | Tam Đảo                 | Tam Dao                 | 25            | Xã      | Phú Thọ
 08914 | Đạo Trù                 | Dao Tru                 | 25            | Xã      | Phú Thọ
 08923 | Đại Đình                | Dai Dinh                | 25            | Xã      | Phú Thọ
 08935 | Bình Nguyên             | Binh Nguyen             | 25            | Xã      | Phú Thọ
 08944 | Bình Tuyền              | Binh Tuyen              | 25            | Xã      | Phú Thọ
 08950 | Bình Xuyên              | Binh Xuyen              | 25            | Xã      | Phú Thọ
 08971 | Xuân Lãng               | Xuan Lang               | 25            | Xã      | Phú Thọ
 09025 | Yên Lạc                 | Yen Lac                 | 25            | Xã      | Phú Thọ
 09040 | Tề Lỗ                   | Te Lo                   | 25            | Xã      | Phú Thọ
 09043 | Tam Hồng                | Tam Hong                | 25            | Xã      | Phú Thọ
 09052 | Nguyệt Đức              | Nguyet Duc              | 25            | Xã      | Phú Thọ
 09064 | Liên Châu               | Lien Chau               | 25            | Xã      | Phú Thọ
 09076 | Vĩnh Tường              | Vinh Tuong              | 25            | Xã      | Phú Thọ
 09079 | Vĩnh An                 | Vinh An                 | 25            | Xã      | Phú Thọ
 09100 | Vĩnh Hưng               | Vinh Hung               | 25            | Xã      | Phú Thọ
 09106 | Vĩnh Thành              | Vinh Thanh              | 25            | Xã      | Phú Thọ
 09112 | Thổ Tang                | Tho Tang                | 25            | Xã      | Phú Thọ
 09154 | Vĩnh Phú                | Vinh Phu                | 25            | Xã      | Phú Thọ
 10507 | Thành Đông              | Thanh Dong              | 31            | Phường  | Hải Phòng
 10525 | Hải Dương               | Hai Duong               | 31            | Phường  | Hải Phòng
 10532 | Lê Thanh Nghị           | Le Thanh Nghi           | 31            | Phường  | Hải Phòng
 10537 | Tân Hưng                | Tan Hung                | 31            | Phường  | Hải Phòng
 10543 | Việt Hoà                | Viet Hoa                | 31            | Phường  | Hải Phòng
 10546 | Chí Linh                | Chi Linh                | 31            | Phường  | Hải Phòng
 10549 | Chu Văn An              | Chu Van An              | 31            | Phường  | Hải Phòng
 10552 | Nguyễn Trãi             | Nguyen Trai             | 31            | Phường  | Hải Phòng
 10570 | Trần Hưng Đạo           | Tran Hung Dao           | 31            | Phường  | Hải Phòng
 10573 | Trần Nhân Tông          | Tran Nhan Tong          | 31            | Phường  | Hải Phòng
 10603 | Lê Đại Hành             | Le Dai Hanh             | 31            | Phường  | Hải Phòng
 10606 | Nam Sách                | Nam Sach                | 31            | Xã      | Hải Phòng
 10615 | Hợp Tiến                | Hop Tien                | 31            | Xã      | Hải Phòng
 10633 | Trần Phú                | Tran Phu                | 31            | Xã      | Hải Phòng
 10642 | Thái Tân                | Thai Tan                | 31            | Xã      | Hải Phòng
 10645 | An Phú                  | An Phu                  | 31            | Xã      | Hải Phòng
 10660 | Ái Quốc                 | Ai Quoc                 | 31            | Phường  | Hải Phòng
 10675 | Kinh Môn                | Kinh Mon                | 31            | Phường  | Hải Phòng
 10678 | Bắc An Phụ              | Bac An Phu              | 31            | Phường  | Hải Phòng
 10705 | Nam An Phụ              | Nam An Phu              | 31            | Xã      | Hải Phòng
 10714 | Nhị Chiểu               | Nhi Chieu               | 31            | Phường  | Hải Phòng
 10726 | Phạm Sư Mạnh            | Pham Su Manh            | 31            | Phường  | Hải Phòng
 10729 | Trần Liễu               | Tran Lieu               | 31            | Phường  | Hải Phòng
 10744 | Nguyễn Đại Năng         | Nguyen Dai Nang         | 31            | Phường  | Hải Phòng
 10750 | Phú Thái                | Phu Thai                | 31            | Xã      | Hải Phòng
 10756 | Lai Khê                 | Lai Khe                 | 31            | Xã      | Hải Phòng
 10792 | An Thành                | An Thanh                | 31            | Xã      | Hải Phòng
 10804 | Kim Thành               | Kim Thanh               | 31            | Xã      | Hải Phòng
 10813 | Thanh Hà                | Thanh Ha                | 31            | Xã      | Hải Phòng
 10816 | Hà Bắc                  | Ha Bac                  | 31            | Xã      | Hải Phòng
 10837 | Nam Đồng                | Nam Dong                | 31            | Phường  | Hải Phòng
 10843 | Hà Nam                  | Ha Nam                  | 31            | Xã      | Hải Phòng
 10846 | Hà Tây                  | Ha Tay                  | 31            | Xã      | Hải Phòng
 10882 | Hà Đông                 | Ha Dong                 | 31            | Xã      | Hải Phòng
 10888 | Cẩm Giang               | Cam Giang               | 31            | Xã      | Hải Phòng
 10891 | Tứ Minh                 | Tu Minh                 | 31            | Phường  | Hải Phòng
 10903 | Cẩm Giàng               | Cam Giang               | 31            | Xã      | Hải Phòng
 10909 | Tuệ Tĩnh                | Tue Tinh                | 31            | Xã      | Hải Phòng
 10930 | Mao Điền                | Mao Dien                | 31            | Xã      | Hải Phòng
 10945 | Kẻ Sặt                  | Ke Sat                  | 31            | Xã      | Hải Phòng
 10966 | Bình Giang              | Binh Giang              | 31            | Xã      | Hải Phòng
 10972 | Đường An                | Duong An                | 31            | Xã      | Hải Phòng
 10993 | Thượng Hồng             | Thuong Hong             | 31            | Xã      | Hải Phòng
 10999 | Gia Lộc                 | Gia Loc                 | 31            | Xã      | Hải Phòng
 11002 | Thạch Khôi              | Thach Khoi              | 31            | Phường  | Hải Phòng
 11020 | Yết Kiêu                | Yet Kieu                | 31            | Xã      | Hải Phòng
 11050 | Gia Phúc                | Gia Phuc                | 31            | Xã      | Hải Phòng
 11065 | Trường Tân              | Truong Tan              | 31            | Xã      | Hải Phòng
 11074 | Tứ Kỳ                   | Tu Ky                   | 31            | Xã      | Hải Phòng
 11086 | Đại Sơn                 | Dai Son                 | 31            | Xã      | Hải Phòng
 11113 | Tân Kỳ                  | Tan Ky                  | 31            | Xã      | Hải Phòng
 11131 | Chí Minh                | Chi Minh                | 31            | Xã      | Hải Phòng
 11140 | Lạc Phượng              | Lac Phuong              | 31            | Xã      | Hải Phòng
 11146 | Nguyên Giáp             | Nguyen Giap             | 31            | Xã      | Hải Phòng
 11164 | Vĩnh Lại                | Vinh Lai                | 31            | Xã      | Hải Phòng
 11167 | Tân An                  | Tan An                  | 31            | Xã      | Hải Phòng
 11203 | Ninh Giang              | Ninh Giang              | 31            | Xã      | Hải Phòng
 11218 | Hồng Châu               | Hong Chau               | 31            | Xã      | Hải Phòng
 11224 | Khúc Thừa Dụ            | Khuc Thua Du            | 31            | Xã      | Hải Phòng
 11239 | Thanh Miện              | Thanh Mien              | 31            | Xã      | Hải Phòng
 11242 | Nguyễn Lương Bằng       | Nguyen Luong Bang       | 31            | Xã      | Hải Phòng
 11254 | Bắc Thanh Miện          | Bac Thanh Mien          | 31            | Xã      | Hải Phòng
 11257 | Hải Hưng                | Hai Hung                | 31            | Xã      | Hải Phòng
 11284 | Nam Thanh Miện          | Nam Thanh Mien          | 31            | Xã      | Hải Phòng
 11311 | Hồng Bàng               | Hong Bang               | 31            | Phường  | Hải Phòng
 11329 | Ngô Quyền               | Ngo Quyen               | 31            | Phường  | Hải Phòng
 11359 | Gia Viên                | Gia Vien                | 31            | Phường  | Hải Phòng
 11383 | Lê Chân                 | Le Chan                 | 31            | Phường  | Hải Phòng
 11407 | An Biên                 | An Bien                 | 31            | Phường  | Hải Phòng
 11411 | Đông Hải                | Dong Hai                | 31            | Phường  | Hải Phòng
 11413 | Hải An                  | Hai An                  | 31            | Phường  | Hải Phòng
 11443 | Kiến An                 | Kien An                 | 31            | Phường  | Hải Phòng
 11446 | Phù Liễn                | Phu Lien                | 31            | Phường  | Hải Phòng
 11455 | Đồ Sơn                  | Do Son                  | 31            | Phường  | Hải Phòng
 11473 | Bạch Đằng               | Bach Dang               | 31            | Phường  | Hải Phòng
 11488 | Lưu Kiếm                | Luu Kiem                | 31            | Phường  | Hải Phòng
 11503 | Việt Khê                | Viet Khe                | 31            | Xã      | Hải Phòng
 11506 | Lê Ích Mộc              | Le Ich Moc              | 31            | Phường  | Hải Phòng
 11533 | Hoà Bình                | Hoa Binh                | 31            | Phường  | Hải Phòng
 11542 | Nam Triệu               | Nam Trieu               | 31            | Phường  | Hải Phòng
 11557 | Thiên Hương             | Thien Huong             | 31            | Phường  | Hải Phòng
 11560 | Thuỷ Nguyên             | Thuy Nguyen             | 31            | Phường  | Hải Phòng
 11581 | An Dương                | An Duong                | 31            | Phường  | Hải Phòng
 11593 | An Phong                | An Phong                | 31            | Phường  | Hải Phòng
 11602 | Hồng An                 | Hong An                 | 31            | Phường  | Hải Phòng
 11617 | An Hải                  | An Hai                  | 31            | Phường  | Hải Phòng
 11629 | An Lão                  | An Lao                  | 31            | Xã      | Hải Phòng
 11635 | An Trường               | An Truong               | 31            | Xã      | Hải Phòng
 11647 | An Quang                | An Quang                | 31            | Xã      | Hải Phòng
 11668 | An Khánh                | An Khanh                | 31            | Xã      | Hải Phòng
 11674 | An Hưng                 | An Hung                 | 31            | Xã      | Hải Phòng
 11680 | Kiến Thuỵ               | Kien Thuy               | 31            | Xã      | Hải Phòng
 11689 | Hưng Đạo                | Hung Dao                | 31            | Phường  | Hải Phòng
 11692 | Dương Kinh              | Duong Kinh              | 31            | Phường  | Hải Phòng
 11713 | Nghi Dương              | Nghi Duong              | 31            | Xã      | Hải Phòng
 11725 | Kiến Minh               | Kien Minh               | 31            | Xã      | Hải Phòng
 11728 | Kiến Hưng               | Kien Hung               | 31            | Xã      | Hải Phòng
 11737 | Nam Đồ Sơn              | Nam Do Son              | 31            | Phường  | Hải Phòng
 11749 | Kiến Hải                | Kien Hai                | 31            | Xã      | Hải Phòng
 11755 | Tiên Lãng               | Tien Lang               | 31            | Xã      | Hải Phòng
 11761 | Quyết Thắng             | Quyet Thang             | 31            | Xã      | Hải Phòng
 11779 | Tân Minh                | Tan Minh                | 31            | Xã      | Hải Phòng
 11791 | Tiên Minh               | Tien Minh               | 31            | Xã      | Hải Phòng
 11806 | Chấn Hưng               | Chan Hung               | 31            | Xã      | Hải Phòng
 11809 | Hùng Thắng              | Hung Thang              | 31            | Xã      | Hải Phòng
 11824 | Vĩnh Bảo                | Vinh Bao                | 31            | Xã      | Hải Phòng
 11836 | Vĩnh Thịnh              | Vinh Thinh              | 31            | Xã      | Hải Phòng
 11842 | Vĩnh Thuận              | Vinh Thuan              | 31            | Xã      | Hải Phòng
 11848 | Vĩnh Hoà                | Vinh Hoa                | 31            | Xã      | Hải Phòng
 11875 | Vĩnh Hải                | Vinh Hai                | 31            | Xã      | Hải Phòng
 11887 | Vĩnh Am                 | Vinh Am                 | 31            | Xã      | Hải Phòng
 11911 | Nguyễn Bỉnh Khiêm       | Nguyen Binh Khiem       | 31            | Xã      | Hải Phòng
 11914 | Cát Hải                 | Cat Hai                 | 31            | Đặc khu | Hải Phòng
 11948 | Bạch Long Vĩ            | Bach Long Vi            | 31            | Đặc khu | Hải Phòng
 11953 | Phố Hiến                | Pho Hien                | 33            | Phường  | Hưng Yên
 11977 | Tân Hưng                | Tan Hung                | 33            | Xã      | Hưng Yên
 11980 | Hồng Châu               | Hong Chau               | 33            | Phường  | Hưng Yên
 11983 | Sơn Nam                 | Son Nam                 | 33            | Phường  | Hưng Yên
 11992 | Lạc Đạo                 | Lac Dao                 | 33            | Xã      | Hưng Yên
 11995 | Đại Đồng                | Dai Dong                | 33            | Xã      | Hưng Yên
 12004 | Như Quỳnh               | Nhu Quynh               | 33            | Xã      | Hưng Yên
 12019 | Văn Giang               | Van Giang               | 33            | Xã      | Hưng Yên
 12025 | Phụng Công              | Phung Cong              | 33            | Xã      | Hưng Yên
 12031 | Nghĩa Trụ               | Nghia Tru               | 33            | Xã      | Hưng Yên
 12049 | Mễ Sở                   | Me So                   | 33            | Xã      | Hưng Yên
 12064 | Nguyễn Văn Linh         | Nguyen Van Linh         | 33            | Xã      | Hưng Yên
 12070 | Hoàn Long               | Hoan Long               | 33            | Xã      | Hưng Yên
 12073 | Yên Mỹ                  | Yen My                  | 33            | Xã      | Hưng Yên
 12091 | Việt Yên                | Viet Yen                | 33            | Xã      | Hưng Yên
 12103 | Mỹ Hào                  | My Hao                  | 33            | Phường  | Hưng Yên
 12127 | Thượng Hồng             | Thuong Hong             | 33            | Phường  | Hưng Yên
 12133 | Đường Hào               | Duong Hao               | 33            | Phường  | Hưng Yên
 12142 | Ân Thi                  | An Thi                  | 33            | Xã      | Hưng Yên
 12148 | Phạm Ngũ Lão            | Pham Ngu Lao            | 33            | Xã      | Hưng Yên
 12166 | Xuân Trúc               | Xuan Truc               | 33            | Xã      | Hưng Yên
 12184 | Nguyễn Trãi             | Nguyen Trai             | 33            | Xã      | Hưng Yên
 12196 | Hồng Quang              | Hong Quang              | 33            | Xã      | Hưng Yên
 12205 | Khoái Châu              | Khoai Chau              | 33            | Xã      | Hưng Yên
 12223 | Triệu Việt Vương        | Trieu Viet Vuong        | 33            | Xã      | Hưng Yên
 12238 | Việt Tiến               | Viet Tien               | 33            | Xã      | Hưng Yên
 12247 | Châu Ninh               | Chau Ninh               | 33            | Xã      | Hưng Yên
 12271 | Chí Minh                | Chi Minh                | 33            | Xã      | Hưng Yên
 12280 | Lương Bằng              | Luong Bang              | 33            | Xã      | Hưng Yên
 12286 | Nghĩa Dân               | Nghia Dan               | 33            | Xã      | Hưng Yên
 12313 | Đức Hợp                 | Duc Hop                 | 33            | Xã      | Hưng Yên
 12322 | Hiệp Cường              | Hiep Cuong              | 33            | Xã      | Hưng Yên
 12337 | Hoàng Hoa Thám          | Hoang Hoa Tham          | 33            | Xã      | Hưng Yên
 12361 | Tiên Hoa                | Tien Hoa                | 33            | Xã      | Hưng Yên
 12364 | Tiên Lữ                 | Tien Lu                 | 33            | Xã      | Hưng Yên
 12391 | Quang Hưng              | Quang Hung              | 33            | Xã      | Hưng Yên
 12406 | Đoàn Đào                | Doan Dao                | 33            | Xã      | Hưng Yên
 12424 | Tiên Tiến               | Tien Tien               | 33            | Xã      | Hưng Yên
 12427 | Tống Trân               | Tong Tran               | 33            | Xã      | Hưng Yên
 12452 | Trần Hưng Đạo           | Tran Hung Dao           | 33            | Phường  | Hưng Yên
 12454 | Trần Lãm                | Tran Lam                | 33            | Phường  | Hưng Yên
 12466 | Vũ Phúc                 | Vu Phuc                 | 33            | Phường  | Hưng Yên
 12472 | Quỳnh Phụ               | Quynh Phu               | 33            | Xã      | Hưng Yên
 12499 | A Sào                   | A Sao                   | 33            | Xã      | Hưng Yên
 12511 | Minh Thọ                | Minh Tho                | 33            | Xã      | Hưng Yên
 12517 | Ngọc Lâm                | Ngoc Lam                | 33            | Xã      | Hưng Yên
 12523 | Phụ Dực                 | Phu Duc                 | 33            | Xã      | Hưng Yên
 12526 | Đồng Bằng               | Dong Bang               | 33            | Xã      | Hưng Yên
 12532 | Nguyễn Du               | Nguyen Du               | 33            | Xã      | Hưng Yên
 12577 | Quỳnh An                | Quynh An                | 33            | Xã      | Hưng Yên
 12583 | Tân Tiến                | Tan Tien                | 33            | Xã      | Hưng Yên
 12586 | Hưng Hà                 | Hung Ha                 | 33            | Xã      | Hưng Yên
 12595 | Ngự Thiên               | Ngu Thien               | 33            | Xã      | Hưng Yên
 12613 | Long Hưng               | Long Hung               | 33            | Xã      | Hưng Yên
 12619 | Diên Hà                 | Dien Ha                 | 33            | Xã      | Hưng Yên
 12631 | Thần Khê                | Than Khe                | 33            | Xã      | Hưng Yên
 12634 | Tiên La                 | Tien La                 | 33            | Xã      | Hưng Yên
 12676 | Lê Quý Đôn              | Le Quy Don              | 33            | Xã      | Hưng Yên
 12685 | Hồng Minh               | Hong Minh               | 33            | Xã      | Hưng Yên
 12688 | Đông Hưng               | Dong Hung               | 33            | Xã      | Hưng Yên
 12694 | Bắc Đông Hưng           | Bac Dong Hung           | 33            | Xã      | Hưng Yên
 12700 | Bắc Tiên Hưng           | Bac Tien Hung           | 33            | Xã      | Hưng Yên
 12736 | Đông Tiên Hưng          | Dong Tien Hung          | 33            | Xã      | Hưng Yên
 12745 | Bắc Đông Quan           | Bac Dong Quan           | 33            | Xã      | Hưng Yên
 12754 | Tiên Hưng               | Tien Hung               | 33            | Xã      | Hưng Yên
 12763 | Nam Tiên Hưng           | Nam Tien Hung           | 33            | Xã      | Hưng Yên
 12775 | Nam Đông Hưng           | Nam Dong Hung           | 33            | Xã      | Hưng Yên
 12793 | Đông Quan               | Dong Quan               | 33            | Xã      | Hưng Yên
 12817 | Trà Lý                  | Tra Ly                  | 33            | Phường  | Hưng Yên
 12826 | Thái Thuỵ               | Thai Thuy               | 33            | Xã      | Hưng Yên
 12850 | Tây Thuỵ Anh            | Tay Thuy Anh            | 33            | Xã      | Hưng Yên
 12859 | Bắc Thuỵ Anh            | Bac Thuy Anh            | 33            | Xã      | Hưng Yên
 12862 | Đông Thuỵ Anh           | Dong Thuy Anh           | 33            | Xã      | Hưng Yên
 12865 | Thuỵ Anh                | Thuy Anh                | 33            | Xã      | Hưng Yên
 12904 | Nam Thuỵ Anh            | Nam Thuy Anh            | 33            | Xã      | Hưng Yên
 12916 | Bắc Thái Ninh           | Bac Thai Ninh           | 33            | Xã      | Hưng Yên
 12919 | Tây Thái Ninh           | Tay Thai Ninh           | 33            | Xã      | Hưng Yên
 12922 | Thái Ninh               | Thai Ninh               | 33            | Xã      | Hưng Yên
 12943 | Đông Thái Ninh          | Dong Thai Ninh          | 33            | Xã      | Hưng Yên
 12961 | Nam Thái Ninh           | Nam Thai Ninh           | 33            | Xã      | Hưng Yên
 12970 | Tiền Hải                | Tien Hai                | 33            | Xã      | Hưng Yên
 12988 | Đông Tiền Hải           | Dong Tien Hai           | 33            | Xã      | Hưng Yên
 13003 | Đồng Châu               | Dong Chau               | 33            | Xã      | Hưng Yên
 13021 | Ái Quốc                 | Ai Quoc                 | 33            | Xã      | Hưng Yên
 13039 | Tây Tiền Hải            | Tay Tien Hai            | 33            | Xã      | Hưng Yên
 13057 | Nam Cường               | Nam Cuong               | 33            | Xã      | Hưng Yên
 13063 | Nam Tiền Hải            | Nam Tien Hai            | 33            | Xã      | Hưng Yên
 13066 | Hưng Phú                | Hung Phu                | 33            | Xã      | Hưng Yên
 13075 | Kiến Xương              | Kien Xuong              | 33            | Xã      | Hưng Yên
 13093 | Trà Giang               | Tra Giang               | 33            | Xã      | Hưng Yên
 13096 | Bình Nguyên             | Binh Nguyen             | 33            | Xã      | Hưng Yên
 13120 | Lê Lợi                  | Le Loi                  | 33            | Xã      | Hưng Yên
 13132 | Quang Lịch              | Quang Lich              | 33            | Xã      | Hưng Yên
 13141 | Vũ Quý                  | Vu Quy                  | 33            | Xã      | Hưng Yên
 13159 | Hồng Vũ                 | Hong Vu                 | 33            | Xã      | Hưng Yên
 13183 | Bình Thanh              | Binh Thanh              | 33            | Xã      | Hưng Yên
 13186 | Bình Định               | Binh Dinh               | 33            | Xã      | Hưng Yên
 13192 | Vũ Thư                  | Vu Thu                  | 33            | Xã      | Hưng Yên
 13219 | Vạn Xuân                | Van Xuan                | 33            | Xã      | Hưng Yên
 13222 | Thư Trì                 | Thu Tri                 | 33            | Xã      | Hưng Yên
 13225 | Thái Bình               | Thai Binh               | 33            | Phường  | Hưng Yên
 13246 | Tân Thuận               | Tan Thuan               | 33            | Xã      | Hưng Yên
 13264 | Thư Vũ                  | Thu Vu                  | 33            | Xã      | Hưng Yên
 13279 | Vũ Tiên                 | Vu Tien                 | 33            | Xã      | Hưng Yên
 13285 | Phủ Lý                  | Phu Ly                  | 37            | Phường  | Ninh Bình
 13291 | Phù Vân                 | Phu Van                 | 37            | Phường  | Ninh Bình
 13318 | Châu Sơn                | Chau Son                | 37            | Phường  | Ninh Bình
 13324 | Duy Tiên                | Duy Tien                | 37            | Phường  | Ninh Bình
 13330 | Duy Tân                 | Duy Tan                 | 37            | Phường  | Ninh Bình
 13336 | Duy Hà                  | Duy Ha                  | 37            | Phường  | Ninh Bình
 13348 | Đồng Văn                | Dong Van                | 37            | Phường  | Ninh Bình
 13363 | Tiên Sơn                | Tien Son                | 37            | Phường  | Ninh Bình
 13366 | Hà Nam                  | Ha Nam                  | 37            | Phường  | Ninh Bình
 13384 | Kim Bảng                | Kim Bang                | 37            | Phường  | Ninh Bình
 13393 | Lê Hồ                   | Le Ho                   | 37            | Phường  | Ninh Bình
 13396 | Nguyễn Úy               | Nguyen Uy               | 37            | Phường  | Ninh Bình
 13402 | Kim Thanh               | Kim Thanh               | 37            | Phường  | Ninh Bình
 13420 | Tam Chúc                | Tam Chuc                | 37            | Phường  | Ninh Bình
 13435 | Lý Thường Kiệt          | Ly Thuong Kiet          | 37            | Phường  | Ninh Bình
 13444 | Liêm Tuyền              | Liem Tuyen              | 37            | Phường  | Ninh Bình
 13456 | Liêm Hà                 | Liem Ha                 | 37            | Xã      | Ninh Bình
 13474 | Tân Thanh               | Tan Thanh               | 37            | Xã      | Ninh Bình
 13483 | Thanh Bình              | Thanh Binh              | 37            | Xã      | Ninh Bình
 13489 | Thanh Lâm               | Thanh Lam               | 37            | Xã      | Ninh Bình
 13495 | Thanh Liêm              | Thanh Liem              | 37            | Xã      | Ninh Bình
 13501 | Bình Mỹ                 | Binh My                 | 37            | Xã      | Ninh Bình
 13504 | Bình Lục                | Binh Luc                | 37            | Xã      | Ninh Bình
 13531 | Bình Giang              | Binh Giang              | 37            | Xã      | Ninh Bình
 13540 | Bình An                 | Binh An                 | 37            | Xã      | Ninh Bình
 13558 | Bình Sơn                | Binh Son                | 37            | Xã      | Ninh Bình
 13573 | Lý Nhân                 | Ly Nhan                 | 37            | Xã      | Ninh Bình
 13579 | Bắc Lý                  | Bac Ly                  | 37            | Xã      | Ninh Bình
 13591 | Nam Xang                | Nam Xang                | 37            | Xã      | Ninh Bình
 13594 | Trần Thương             | Tran Thuong             | 37            | Xã      | Ninh Bình
 13597 | Vĩnh Trụ                | Vinh Tru                | 37            | Xã      | Ninh Bình
 13609 | Nhân Hà                 | Nhan Ha                 | 37            | Xã      | Ninh Bình
 13627 | Nam Lý                  | Nam Ly                  | 37            | Xã      | Ninh Bình
 13669 | Nam Định                | Nam Dinh                | 37            | Phường  | Ninh Bình
 13684 | Thiên Trường            | Thien Truong            | 37            | Phường  | Ninh Bình
 13693 | Đông A                  | Dong A                  | 37            | Phường  | Ninh Bình
 13699 | Thành Nam               | Thanh Nam               | 37            | Phường  | Ninh Bình
 13708 | Mỹ Lộc                  | My Loc                  | 37            | Phường  | Ninh Bình
 13741 | Vụ Bản                  | Vu Ban                  | 37            | Xã      | Ninh Bình
 13750 | Minh Tân                | Minh Tan                | 37            | Xã      | Ninh Bình
 13753 | Hiển Khánh              | Hien Khanh              | 37            | Xã      | Ninh Bình
 13777 | Trường Thi              | Truong Thi              | 37            | Phường  | Ninh Bình
 13786 | Liên Minh               | Lien Minh               | 37            | Xã      | Ninh Bình
 13795 | Ý Yên                   | Y Yen                   | 37            | Xã      | Ninh Bình
 13807 | Tân Minh                | Tan Minh                | 37            | Xã      | Ninh Bình
 13822 | Phong Doanh             | Phong Doanh             | 37            | Xã      | Ninh Bình
 13834 | Vũ Dương                | Vu Duong                | 37            | Xã      | Ninh Bình
 13864 | Vạn Thắng               | Van Thang               | 37            | Xã      | Ninh Bình
 13870 | Yên Cường               | Yen Cuong               | 37            | Xã      | Ninh Bình
 13879 | Yên Đồng                | Yen Dong                | 37            | Xã      | Ninh Bình
 13891 | Nghĩa Hưng              | Nghia Hung              | 37            | Xã      | Ninh Bình
 13894 | Rạng Đông               | Rang Dong               | 37            | Xã      | Ninh Bình
 13900 | Đồng Thịnh              | Dong Thinh              | 37            | Xã      | Ninh Bình
 13918 | Nghĩa Sơn               | Nghia Son               | 37            | Xã      | Ninh Bình
 13927 | Hồng Phong              | Hong Phong              | 37            | Xã      | Ninh Bình
 13939 | Quỹ Nhất                | Quy Nhat                | 37            | Xã      | Ninh Bình
 13957 | Nghĩa Lâm               | Nghia Lam               | 37            | Xã      | Ninh Bình
 13966 | Nam Trực                | Nam Truc                | 37            | Xã      | Ninh Bình
 13972 | Vị Khê                  | Vi Khe                  | 37            | Phường  | Ninh Bình
 13984 | Hồng Quang              | Hong Quang              | 37            | Phường  | Ninh Bình
 13987 | Nam Hồng                | Nam Hong                | 37            | Xã      | Ninh Bình
 14005 | Nam Ninh                | Nam Ninh                | 37            | Xã      | Ninh Bình
 14011 | Nam Minh                | Nam Minh                | 37            | Xã      | Ninh Bình
 14014 | Nam Đồng                | Nam Dong                | 37            | Xã      | Ninh Bình
 14026 | Cổ Lễ                   | Co Le                   | 37            | Xã      | Ninh Bình
 14038 | Ninh Giang              | Ninh Giang              | 37            | Xã      | Ninh Bình
 14053 | Trực Ninh               | Truc Ninh               | 37            | Xã      | Ninh Bình
 14056 | Cát Thành               | Cat Thanh               | 37            | Xã      | Ninh Bình
 14062 | Quang Hưng              | Quang Hung              | 37            | Xã      | Ninh Bình
 14071 | Minh Thái               | Minh Thai               | 37            | Xã      | Ninh Bình
 14077 | Ninh Cường              | Ninh Cuong              | 37            | Xã      | Ninh Bình
 14089 | Xuân Trường             | Xuan Truong             | 37            | Xã      | Ninh Bình
 14095 | Xuân Hồng               | Xuan Hong               | 37            | Xã      | Ninh Bình
 14104 | Xuân Giang              | Xuan Giang              | 37            | Xã      | Ninh Bình
 14122 | Xuân Hưng               | Xuan Hung               | 37            | Xã      | Ninh Bình
 14161 | Giao Minh               | Giao Minh               | 37            | Xã      | Ninh Bình
 14167 | Giao Thuỷ               | Giao Thuy               | 37            | Xã      | Ninh Bình
 14179 | Giao Hưng               | Giao Hung               | 37            | Xã      | Ninh Bình
 14182 | Giao Hoà                | Giao Hoa                | 37            | Xã      | Ninh Bình
 14194 | Giao Bình               | Giao Binh               | 37            | Xã      | Ninh Bình
 14203 | Giao Phúc               | Giao Phuc               | 37            | Xã      | Ninh Bình
 14212 | Giao Ninh               | Giao Ninh               | 37            | Xã      | Ninh Bình
 14215 | Hải Hậu                 | Hai Hau                 | 37            | Xã      | Ninh Bình
 14218 | Hải Tiến                | Hai Tien                | 37            | Xã      | Ninh Bình
 14221 | Hải Thịnh               | Hai Thinh               | 37            | Xã      | Ninh Bình
 14236 | Hải Anh                 | Hai Anh                 | 37            | Xã      | Ninh Bình
 14248 | Hải Hưng                | Hai Hung                | 37            | Xã      | Ninh Bình
 14281 | Hải An                  | Hai An                  | 37            | Xã      | Ninh Bình
 14287 | Hải Quang               | Hai Quang               | 37            | Xã      | Ninh Bình
 14308 | Hải Xuân                | Hai Xuan                | 37            | Xã      | Ninh Bình
 14329 | Hoa Lư                  | Hoa Lu                  | 37            | Phường  | Ninh Bình
 14359 | Nam Hoa Lư              | Nam Hoa Lu              | 37            | Phường  | Ninh Bình
 14362 | Tam Điệp                | Tam Diep                | 37            | Phường  | Ninh Bình
 14365 | Trung Sơn               | Trung Son               | 37            | Phường  | Ninh Bình
 14371 | Yên Sơn                 | Yen Son                 | 37            | Phường  | Ninh Bình
 14389 | Gia Lâm                 | Gia Lam                 | 37            | Xã      | Ninh Bình
 14401 | Gia Tường               | Gia Tuong               | 37            | Xã      | Ninh Bình
 14404 | Cúc Phương              | Cuc Phuong              | 37            | Xã      | Ninh Bình
 14407 | Phú Sơn                 | Phu Son                 | 37            | Xã      | Ninh Bình
 14428 | Nho Quan                | Nho Quan                | 37            | Xã      | Ninh Bình
 14434 | Thanh Sơn               | Thanh Son               | 37            | Xã      | Ninh Bình
 14452 | Quỳnh Lưu               | Quynh Luu               | 37            | Xã      | Ninh Bình
 14458 | Phú Long                | Phu Long                | 37            | Xã      | Ninh Bình
 14464 | Gia Viễn                | Gia Vien                | 37            | Xã      | Ninh Bình
 14482 | Gia Hưng                | Gia Hung                | 37            | Xã      | Ninh Bình
 14488 | Gia Vân                 | Gia Van                 | 37            | Xã      | Ninh Bình
 14494 | Gia Trấn                | Gia Tran                | 37            | Xã      | Ninh Bình
 14500 | Đại Hoàng               | Dai Hoang               | 37            | Xã      | Ninh Bình
 14524 | Gia Phong               | Gia Phong               | 37            | Xã      | Ninh Bình
 14533 | Tây Hoa Lư              | Tay Hoa Lu              | 37            | Phường  | Ninh Bình
 14560 | Yên Khánh               | Yen Khanh               | 37            | Xã      | Ninh Bình
 14563 | Khánh Thiện             | Khanh Thien             | 37            | Xã      | Ninh Bình
 14566 | Đông Hoa Lư             | Dong Hoa Lu             | 37            | Phường  | Ninh Bình
 14608 | Khánh Trung             | Khanh Trung             | 37            | Xã      | Ninh Bình
 14611 | Khánh Nhạc              | Khanh Nhac              | 37            | Xã      | Ninh Bình
 14614 | Khánh Hội               | Khanh Hoi               | 37            | Xã      | Ninh Bình
 14620 | Phát Diệm               | Phat Diem               | 37            | Xã      | Ninh Bình
 14623 | Bình Minh               | Binh Minh               | 37            | Xã      | Ninh Bình
 14638 | Kim Sơn                 | Kim Son                 | 37            | Xã      | Ninh Bình
 14647 | Quang Thiện             | Quang Thien             | 37            | Xã      | Ninh Bình
 14653 | Chất Bình               | Chat Binh               | 37            | Xã      | Ninh Bình
 14674 | Lai Thành               | Lai Thanh               | 37            | Xã      | Ninh Bình
 14677 | Định Hoá                | Dinh Hoa                | 37            | Xã      | Ninh Bình
 14698 | Kim Đông                | Kim Dong                | 37            | Xã      | Ninh Bình
 14701 | Yên Mô                  | Yen Mo                  | 37            | Xã      | Ninh Bình
 14725 | Yên Thắng               | Yen Thang               | 37            | Phường  | Ninh Bình
 14728 | Yên Từ                  | Yen Tu                  | 37            | Xã      | Ninh Bình
 14743 | Yên Mạc                 | Yen Mac                 | 37            | Xã      | Ninh Bình
 14746 | Đồng Thái               | Dong Thai               | 37            | Xã      | Ninh Bình
 14758 | Hàm Rồng                | Ham Rong                | 38            | Phường  | Thanh Hoá
 14797 | Hạc Thành               | Hac Thanh               | 38            | Phường  | Thanh Hoá
 14812 | Bỉm Sơn                 | Bim Son                 | 38            | Phường  | Thanh Hoá
 14818 | Quang Trung             | Quang Trung             | 38            | Phường  | Thanh Hoá
 14845 | Mường Lát               | Muong Lat               | 38            | Xã      | Thanh Hoá
 14848 | Tam Chung               | Tam Chung               | 38            | Xã      | Thanh Hoá
 14854 | Mường Lý                | Muong Ly                | 38            | Xã      | Thanh Hoá
 14857 | Trung Lý                | Trung Ly                | 38            | Xã      | Thanh Hoá
 14860 | Quang Chiểu             | Quang Chieu             | 38            | Xã      | Thanh Hoá
 14863 | Pù Nhi                  | Pu Nhi                  | 38            | Xã      | Thanh Hoá
 14864 | Nhi Sơn                 | Nhi Son                 | 38            | Xã      | Thanh Hoá
 14866 | Mường Chanh             | Muong Chanh             | 38            | Xã      | Thanh Hoá
 14869 | Hồi Xuân                | Hoi Xuan                | 38            | Xã      | Thanh Hoá
 14872 | Trung Thành             | Trung Thanh             | 38            | Xã      | Thanh Hoá
 14875 | Trung Sơn               | Trung Son               | 38            | Xã      | Thanh Hoá
 14878 | Phú Lệ                  | Phu Le                  | 38            | Xã      | Thanh Hoá
 14890 | Phú Xuân                | Phu Xuan                | 38            | Xã      | Thanh Hoá
 14896 | Hiền Kiệt               | Hien Kiet               | 38            | Xã      | Thanh Hoá
 14902 | Nam Xuân                | Nam Xuan                | 38            | Xã      | Thanh Hoá
 14908 | Thiên Phủ               | Thien Phu               | 38            | Xã      | Thanh Hoá
 14923 | Bá Thước                | Ba Thuoc                | 38            | Xã      | Thanh Hoá
 14932 | Điền Quang              | Dien Quang              | 38            | Xã      | Thanh Hoá
 14950 | Điền Lư                 | Dien Lu                 | 38            | Xã      | Thanh Hoá
 14953 | Quý Lương               | Quy Luong               | 38            | Xã      | Thanh Hoá
 14956 | Pù Luông                | Pu Luong                | 38            | Xã      | Thanh Hoá
 14959 | Cổ Lũng                 | Co Lung                 | 38            | Xã      | Thanh Hoá
 14974 | Văn Nho                 | Van Nho                 | 38            | Xã      | Thanh Hoá
 14980 | Thiết Ống               | Thiet Ong               | 38            | Xã      | Thanh Hoá
 15001 | Trung Hạ                | Trung Ha                | 38            | Xã      | Thanh Hoá
 15007 | Tam Thanh               | Tam Thanh               | 38            | Xã      | Thanh Hoá
 15010 | Sơn Thuỷ                | Son Thuy                | 38            | Xã      | Thanh Hoá
 15013 | Na Mèo                  | Na Meo                  | 38            | Xã      | Thanh Hoá
 15016 | Quan Sơn                | Quan Son                | 38            | Xã      | Thanh Hoá
 15019 | Tam Lư                  | Tam Lu                  | 38            | Xã      | Thanh Hoá
 15022 | Sơn Điện                | Son Dien                | 38            | Xã      | Thanh Hoá
 15025 | Mường Mìn               | Muong Min               | 38            | Xã      | Thanh Hoá
 15031 | Yên Khương              | Yen Khuong              | 38            | Xã      | Thanh Hoá
 15034 | Yên Thắng               | Yen Thang               | 38            | Xã      | Thanh Hoá
 15043 | Giao An                 | Giao An                 | 38            | Xã      | Thanh Hoá
 15049 | Văn Phú                 | Van Phu                 | 38            | Xã      | Thanh Hoá
 15055 | Linh Sơn                | Linh Son                | 38            | Xã      | Thanh Hoá
 15058 | Đồng Lương              | Dong Luong              | 38            | Xã      | Thanh Hoá
 15061 | Ngọc Lặc                | Ngoc Lac                | 38            | Xã      | Thanh Hoá
 15085 | Thạch Lập               | Thach Lap               | 38            | Xã      | Thanh Hoá
 15091 | Ngọc Liên               | Ngoc Lien               | 38            | Xã      | Thanh Hoá
 15106 | Nguyệt Ấn               | Nguyet An               | 38            | Xã      | Thanh Hoá
 15112 | Kiên Thọ                | Kien Tho                | 38            | Xã      | Thanh Hoá
 15124 | Minh Sơn                | Minh Son                | 38            | Xã      | Thanh Hoá
 15127 | Cẩm Thuỷ                | Cam Thuy                | 38            | Xã      | Thanh Hoá
 15142 | Cẩm Thạch               | Cam Thach               | 38            | Xã      | Thanh Hoá
 15148 | Cẩm Tú                  | Cam Tu                  | 38            | Xã      | Thanh Hoá
 15163 | Cẩm Vân                 | Cam Van                 | 38            | Xã      | Thanh Hoá
 15178 | Cẩm Tân                 | Cam Tan                 | 38            | Xã      | Thanh Hoá
 15187 | Kim Tân                 | Kim Tan                 | 38            | Xã      | Thanh Hoá
 15190 | Vân Du                  | Van Du                  | 38            | Xã      | Thanh Hoá
 15199 | Thạch Quảng             | Thach Quang             | 38            | Xã      | Thanh Hoá
 15211 | Thạch Bình              | Thach Binh              | 38            | Xã      | Thanh Hoá
 15229 | Thành Vinh              | Thanh Vinh              | 38            | Xã      | Thanh Hoá
 15250 | Ngọc Trạo               | Ngoc Trao               | 38            | Xã      | Thanh Hoá
 15271 | Hà Trung                | Ha Trung                | 38            | Xã      | Thanh Hoá
 15274 | Hà Long                 | Ha Long                 | 38            | Xã      | Thanh Hoá
 15286 | Hoạt Giang              | Hoat Giang              | 38            | Xã      | Thanh Hoá
 15298 | Lĩnh Toại               | Linh Toai               | 38            | Xã      | Thanh Hoá
 15316 | Tống Sơn                | Tong Son                | 38            | Xã      | Thanh Hoá
 15349 | Vĩnh Lộc                | Vinh Loc                | 38            | Xã      | Thanh Hoá
 15361 | Tây Đô                  | Tay Do                  | 38            | Xã      | Thanh Hoá
 15382 | Biện Thượng             | Bien Thuong             | 38            | Xã      | Thanh Hoá
 15409 | Yên Phú                 | Yen Phu                 | 38            | Xã      | Thanh Hoá
 15412 | Quý Lộc                 | Quy Loc                 | 38            | Xã      | Thanh Hoá
 15421 | Yên Trường              | Yen Truong              | 38            | Xã      | Thanh Hoá
 15442 | Yên Ninh                | Yen Ninh                | 38            | Xã      | Thanh Hoá
 15448 | Định Hoà                | Dinh Hoa                | 38            | Xã      | Thanh Hoá
 15457 | Định Tân                | Dinh Tan                | 38            | Xã      | Thanh Hoá
 15469 | Yên Định                | Yen Dinh                | 38            | Xã      | Thanh Hoá
 15499 | Thọ Xuân                | Tho Xuan                | 38            | Xã      | Thanh Hoá
 15505 | Thọ Long                | Tho Long                | 38            | Xã      | Thanh Hoá
 15520 | Xuân Hoà                | Xuan Hoa                | 38            | Xã      | Thanh Hoá
 15544 | Lam Sơn                 | Lam Son                 | 38            | Xã      | Thanh Hoá
 15553 | Sao Vàng                | Sao Vang                | 38            | Xã      | Thanh Hoá
 15568 | Thọ Lập                 | Tho Lap                 | 38            | Xã      | Thanh Hoá
 15574 | Xuân Tín                | Xuan Tin                | 38            | Xã      | Thanh Hoá
 15592 | Xuân Lập                | Xuan Lap                | 38            | Xã      | Thanh Hoá
 15607 | Bát Mọt                 | Bat Mot                 | 38            | Xã      | Thanh Hoá
 15610 | Yên Nhân                | Yen Nhan                | 38            | Xã      | Thanh Hoá
 15622 | Vạn Xuân                | Van Xuan                | 38            | Xã      | Thanh Hoá
 15628 | Lương Sơn               | Luong Son               | 38            | Xã      | Thanh Hoá
 15634 | Luận Thành              | Luan Thanh              | 38            | Xã      | Thanh Hoá
 15643 | Thắng Lộc               | Thang Loc               | 38            | Xã      | Thanh Hoá
 15646 | Thường Xuân             | Thuong Xuan             | 38            | Xã      | Thanh Hoá
 15658 | Xuân Chinh              | Xuan Chinh              | 38            | Xã      | Thanh Hoá
 15661 | Tân Thành               | Tan Thanh               | 38            | Xã      | Thanh Hoá
 15664 | Triệu Sơn               | Trieu Son               | 38            | Xã      | Thanh Hoá
 15667 | Thọ Bình                | Tho Binh                | 38            | Xã      | Thanh Hoá
 15682 | Hợp Tiến                | Hop Tien                | 38            | Xã      | Thanh Hoá
 15715 | Tân Ninh                | Tan Ninh                | 38            | Xã      | Thanh Hoá
 15724 | Đồng Tiến               | Dong Tien               | 38            | Xã      | Thanh Hoá
 15754 | Thọ Ngọc                | Tho Ngoc                | 38            | Xã      | Thanh Hoá
 15763 | Thọ Phú                 | Tho Phu                 | 38            | Xã      | Thanh Hoá
 15766 | An Nông                 | An Nong                 | 38            | Xã      | Thanh Hoá
 15772 | Thiệu Hoá               | Thieu Hoa               | 38            | Xã      | Thanh Hoá
 15778 | Thiệu Tiến              | Thieu Tien              | 38            | Xã      | Thanh Hoá
 15796 | Thiệu Quang             | Thieu Quang             | 38            | Xã      | Thanh Hoá
 15820 | Thiệu Toán              | Thieu Toan              | 38            | Xã      | Thanh Hoá
 15835 | Thiệu Trung             | Thieu Trung             | 38            | Xã      | Thanh Hoá
 15853 | Đông Tiến               | Dong Tien               | 38            | Phường  | Thanh Hoá
 15865 | Hoằng Hoá               | Hoang Hoa               | 38            | Xã      | Thanh Hoá
 15880 | Hoằng Giang             | Hoang Giang             | 38            | Xã      | Thanh Hoá
 15889 | Hoằng Phú               | Hoang Phu               | 38            | Xã      | Thanh Hoá
 15910 | Hoằng Sơn               | Hoang Son               | 38            | Xã      | Thanh Hoá
 15925 | Nguyệt Viên             | Nguyet Vien             | 38            | Phường  | Thanh Hoá
 15961 | Hoằng Lộc               | Hoang Loc               | 38            | Xã      | Thanh Hoá
 15976 | Hoằng Châu              | Hoang Chau              | 38            | Xã      | Thanh Hoá
 15991 | Hoằng Tiến              | Hoang Tien              | 38            | Xã      | Thanh Hoá
 16000 | Hoằng Thanh             | Hoang Thanh             | 38            | Xã      | Thanh Hoá
 16012 | Hậu Lộc                 | Hau Loc                 | 38            | Xã      | Thanh Hoá
 16021 | Triệu Lộc               | Trieu Loc               | 38            | Xã      | Thanh Hoá
 16033 | Đông Thành              | Dong Thanh              | 38            | Xã      | Thanh Hoá
 16072 | Hoa Lộc                 | Hoa Loc                 | 38            | Xã      | Thanh Hoá
 16078 | Vạn Lộc                 | Van Loc                 | 38            | Xã      | Thanh Hoá
 16093 | Nga Sơn                 | Nga Son                 | 38            | Xã      | Thanh Hoá
 16108 | Tân Tiến                | Tan Tien                | 38            | Xã      | Thanh Hoá
 16114 | Nga Thắng               | Nga Thang               | 38            | Xã      | Thanh Hoá
 16138 | Hồ Vương                | Ho Vuong                | 38            | Xã      | Thanh Hoá
 16144 | Nga An                  | Nga An                  | 38            | Xã      | Thanh Hoá
 16171 | Ba Đình                 | Ba Dinh                 | 38            | Xã      | Thanh Hoá
 16174 | Như Xuân                | Nhu Xuan                | 38            | Xã      | Thanh Hoá
 16177 | Xuân Bình               | Xuan Binh               | 38            | Xã      | Thanh Hoá
 16186 | Hoá Quỳ                 | Hoa Quy                 | 38            | Xã      | Thanh Hoá
 16213 | Thanh Phong             | Thanh Phong             | 38            | Xã      | Thanh Hoá
 16222 | Thanh Quân              | Thanh Quan              | 38            | Xã      | Thanh Hoá
 16225 | Thượng Ninh             | Thuong Ninh             | 38            | Xã      | Thanh Hoá
 16228 | Như Thanh               | Nhu Thanh               | 38            | Xã      | Thanh Hoá
 16234 | Xuân Du                 | Xuan Du                 | 38            | Xã      | Thanh Hoá
 16249 | Mậu Lâm                 | Mau Lam                 | 38            | Xã      | Thanh Hoá
 16258 | Xuân Thái               | Xuan Thai               | 38            | Xã      | Thanh Hoá
 16264 | Yên Thọ                 | Yen Tho                 | 38            | Xã      | Thanh Hoá
 16273 | Thanh Kỳ                | Thanh Ky                | 38            | Xã      | Thanh Hoá
 16279 | Nông Cống               | Nong Cong               | 38            | Xã      | Thanh Hoá
 16297 | Trung Chính             | Trung Chinh             | 38            | Xã      | Thanh Hoá
 16309 | Thắng Lợi               | Thang Loi               | 38            | Xã      | Thanh Hoá
 16342 | Thăng Bình              | Thang Binh              | 38            | Xã      | Thanh Hoá
 16348 | Trường Văn              | Truong Van              | 38            | Xã      | Thanh Hoá
 16363 | Tượng Lĩnh              | Tuong Linh              | 38            | Xã      | Thanh Hoá
 16369 | Công Chính              | Cong Chinh              | 38            | Xã      | Thanh Hoá
 16378 | Đông Sơn                | Dong Son                | 38            | Phường  | Thanh Hoá
 16417 | Đông Quang              | Dong Quang              | 38            | Phường  | Thanh Hoá
 16438 | Lưu Vệ                  | Luu Ve                  | 38            | Xã      | Thanh Hoá
 16480 | Quảng Yên               | Quang Yen               | 38            | Xã      | Thanh Hoá
 16489 | Quảng Chính             | Quang Chinh             | 38            | Xã      | Thanh Hoá
 16498 | Quảng Ngọc              | Quang Ngoc              | 38            | Xã      | Thanh Hoá
 16516 | Nam Sầm Sơn             | Nam Sam Son             | 38            | Phường  | Thanh Hoá
 16522 | Quảng Phú               | Quang Phu               | 38            | Phường  | Thanh Hoá
 16531 | Sầm Sơn                 | Sam Son                 | 38            | Phường  | Thanh Hoá
 16540 | Quảng Ninh              | Quang Ninh              | 38            | Xã      | Thanh Hoá
 16543 | Quảng Bình              | Quang Binh              | 38            | Xã      | Thanh Hoá
 16549 | Tiên Trang              | Tien Trang              | 38            | Xã      | Thanh Hoá
 16561 | Tĩnh Gia                | Tinh Gia                | 38            | Phường  | Thanh Hoá
 16576 | Ngọc Sơn                | Ngoc Son                | 38            | Phường  | Thanh Hoá
 16591 | Các Sơn                 | Cac Son                 | 38            | Xã      | Thanh Hoá
 16594 | Tân Dân                 | Tan Dan                 | 38            | Phường  | Thanh Hoá
 16597 | Hải Lĩnh                | Hai Linh                | 38            | Phường  | Thanh Hoá
 16609 | Đào Duy Từ              | Dao Duy Tu              | 38            | Phường  | Thanh Hoá
 16624 | Trúc Lâm                | Truc Lam                | 38            | Phường  | Thanh Hoá
 16636 | Trường Lâm              | Truong Lam              | 38            | Xã      | Thanh Hoá
 16645 | Hải Bình                | Hai Binh                | 38            | Phường  | Thanh Hoá
 16654 | Nghi Sơn                | Nghi Son                | 38            | Phường  | Thanh Hoá
 16681 | Thành Vinh              | Thanh Vinh              | 40            | Phường  | Nghệ An
 16690 | Trường Vinh             | Truong Vinh             | 40            | Phường  | Nghệ An
 16702 | Vinh Phú                | Vinh Phu                | 40            | Phường  | Nghệ An
 16708 | Vinh Lộc                | Vinh Loc                | 40            | Phường  | Nghệ An
 16732 | Cửa Lò                  | Cua Lo                  | 40            | Phường  | Nghệ An
 16738 | Quế Phong               | Que Phong               | 40            | Xã      | Nghệ An
 16744 | Thông Thụ               | Thong Thu               | 40            | Xã      | Nghệ An
 16750 | Tiền Phong              | Tien Phong              | 40            | Xã      | Nghệ An
 16756 | Tri Lễ                  | Tri Le                  | 40            | Xã      | Nghệ An
 16774 | Mường Quàng             | Muong Quang             | 40            | Xã      | Nghệ An
 16777 | Quỳ Châu                | Quy Chau                | 40            | Xã      | Nghệ An
 16792 | Châu Tiến               | Chau Tien               | 40            | Xã      | Nghệ An
 16801 | Hùng Chân               | Hung Chan               | 40            | Xã      | Nghệ An
 16804 | Châu Bình               | Chau Binh               | 40            | Xã      | Nghệ An
 16813 | Mường Xén               | Muong Xen               | 40            | Xã      | Nghệ An
 16816 | Mỹ Lý                   | My Ly                   | 40            | Xã      | Nghệ An
 16819 | Bắc Lý                  | Bac Ly                  | 40            | Xã      | Nghệ An
 16822 | Keng Đu                 | Keng Du                 | 40            | Xã      | Nghệ An
 16828 | Huồi Tụ                 | Huoi Tu                 | 40            | Xã      | Nghệ An
 16831 | Mường Lống              | Muong Long              | 40            | Xã      | Nghệ An
 16834 | Na Loi                  | Na Loi                  | 40            | Xã      | Nghệ An
 16837 | Nậm Cắn                 | Nam Can                 | 40            | Xã      | Nghệ An
 16849 | Hữu Kiệm                | Huu Kiem                | 40            | Xã      | Nghệ An
 16855 | Chiêu Lưu               | Chieu Luu               | 40            | Xã      | Nghệ An
 16858 | Mường Típ               | Muong Tip               | 40            | Xã      | Nghệ An
 16870 | Na Ngoi                 | Na Ngoi                 | 40            | Xã      | Nghệ An
 16876 | Tương Dương             | Tuong Duong             | 40            | Xã      | Nghệ An
 16882 | Nhôn Mai                | Nhon Mai                | 40            | Xã      | Nghệ An
 16885 | Hữu Khuông              | Huu Khuong              | 40            | Xã      | Nghệ An
 16903 | Nga My                  | Nga My                  | 40            | Xã      | Nghệ An
 16906 | Lượng Minh              | Luong Minh              | 40            | Xã      | Nghệ An
 16909 | Yên Hoà                 | Yen Hoa                 | 40            | Xã      | Nghệ An
 16912 | Yên Na                  | Yen Na                  | 40            | Xã      | Nghệ An
 16933 | Tam Quang               | Tam Quang               | 40            | Xã      | Nghệ An
 16936 | Tam Thái                | Tam Thai                | 40            | Xã      | Nghệ An
 16939 | Thái Hoà                | Thai Hoa                | 40            | Phường  | Nghệ An
 16941 | Nghĩa Đàn               | Nghia Dan               | 40            | Xã      | Nghệ An
 16951 | Nghĩa Lâm               | Nghia Lam               | 40            | Xã      | Nghệ An
 16969 | Nghĩa Thọ               | Nghia Tho               | 40            | Xã      | Nghệ An
 16972 | Nghĩa Hưng              | Nghia Hung              | 40            | Xã      | Nghệ An
 16975 | Nghĩa Mai               | Nghia Mai               | 40            | Xã      | Nghệ An
 17011 | Tây Hiếu                | Tay Hieu                | 40            | Phường  | Nghệ An
 17017 | Đông Hiếu               | Dong Hieu               | 40            | Xã      | Nghệ An
 17029 | Nghĩa Lộc               | Nghia Loc               | 40            | Xã      | Nghệ An
 17032 | Nghĩa Khánh             | Nghia Khanh             | 40            | Xã      | Nghệ An
 17035 | Quỳ Hợp                 | Quy Hop                 | 40            | Xã      | Nghệ An
 17044 | Châu Hồng               | Chau Hong               | 40            | Xã      | Nghệ An
 17056 | Châu Lộc                | Chau Loc                | 40            | Xã      | Nghệ An
 17059 | Tam Hợp                 | Tam Hop                 | 40            | Xã      | Nghệ An
 17071 | Minh Hợp                | Minh Hop                | 40            | Xã      | Nghệ An
 17077 | Mường Ham               | Muong Ham               | 40            | Xã      | Nghệ An
 17089 | Mường Chọng             | Muong Chong             | 40            | Xã      | Nghệ An
 17110 | Hoàng Mai               | Hoang Mai               | 40            | Phường  | Nghệ An
 17125 | Quỳnh Mai               | Quynh Mai               | 40            | Phường  | Nghệ An
 17128 | Tân Mai                 | Tan Mai                 | 40            | Phường  | Nghệ An
 17143 | Quỳnh Văn               | Quynh Van               | 40            | Xã      | Nghệ An
 17149 | Quỳnh Tam               | Quynh Tam               | 40            | Xã      | Nghệ An
 17170 | Quỳnh Sơn               | Quynh Son               | 40            | Xã      | Nghệ An
 17176 | Quỳnh Anh               | Quynh Anh               | 40            | Xã      | Nghệ An
 17179 | Quỳnh Lưu               | Quynh Luu               | 40            | Xã      | Nghệ An
 17212 | Quỳnh Phú               | Quynh Phu               | 40            | Xã      | Nghệ An
 17224 | Quỳnh Thắng             | Quynh Thang             | 40            | Xã      | Nghệ An
 17230 | Bình Chuẩn              | Binh Chuan              | 40            | Xã      | Nghệ An
 17239 | Mậu Thạch               | Mau Thach               | 40            | Xã      | Nghệ An
 17242 | Cam Phục                | Cam Phuc                | 40            | Xã      | Nghệ An
 17248 | Châu Khê                | Chau Khe                | 40            | Xã      | Nghệ An
 17254 | Con Cuông               | Con Cuong               | 40            | Xã      | Nghệ An
 17263 | Môn Sơn                 | Mon Son                 | 40            | Xã      | Nghệ An
 17266 | Tân Kỳ                  | Tan Ky                  | 40            | Xã      | Nghệ An
 17272 | Tân Phú                 | Tan Phu                 | 40            | Xã      | Nghệ An
 17278 | Giai Xuân               | Giai Xuan               | 40            | Xã      | Nghệ An
 17284 | Nghĩa Đồng              | Nghia Dong              | 40            | Xã      | Nghệ An
 17287 | Tiên Đồng               | Tien Dong               | 40            | Xã      | Nghệ An
 17305 | Tân An                  | Tan An                  | 40            | Xã      | Nghệ An
 17326 | Nghĩa Hành              | Nghia Hanh              | 40            | Xã      | Nghệ An
 17329 | Anh Sơn                 | Anh Son                 | 40            | Xã      | Nghệ An
 17335 | Thành Bình Thọ          | Thanh Binh Tho          | 40            | Xã      | Nghệ An
 17344 | Nhân Hoà                | Nhan Hoa                | 40            | Xã      | Nghệ An
 17357 | Vĩnh Tường              | Vinh Tuong              | 40            | Xã      | Nghệ An
 17365 | Anh Sơn Đông            | Anh Son Dong            | 40            | Xã      | Nghệ An
 17380 | Yên Xuân                | Yen Xuan                | 40            | Xã      | Nghệ An
 17395 | Hùng Châu               | Hung Chau               | 40            | Xã      | Nghệ An
 17416 | Đức Châu                | Duc Chau                | 40            | Xã      | Nghệ An
 17419 | Hải Châu                | Hai Chau                | 40            | Xã      | Nghệ An
 17443 | Quảng Châu              | Quang Chau              | 40            | Xã      | Nghệ An
 17464 | Diễn Châu               | Dien Chau               | 40            | Xã      | Nghệ An
 17476 | Minh Châu               | Minh Chau               | 40            | Xã      | Nghệ An
 17479 | An Châu                 | An Chau                 | 40            | Xã      | Nghệ An
 17488 | Tân Châu                | Tan Chau                | 40            | Xã      | Nghệ An
 17506 | Yên Thành               | Yen Thanh               | 40            | Xã      | Nghệ An
 17515 | Bình Minh               | Binh Minh               | 40            | Xã      | Nghệ An
 17521 | Quang Đồng              | Quang Dong              | 40            | Xã      | Nghệ An
 17524 | Giai Lạc                | Giai Lac                | 40            | Xã      | Nghệ An
 17530 | Đông Thành              | Dong Thanh              | 40            | Xã      | Nghệ An
 17560 | Vân Du                  | Van Du                  | 40            | Xã      | Nghệ An
 17569 | Quan Thành              | Quan Thanh              | 40            | Xã      | Nghệ An
 17605 | Hợp Minh                | Hop Minh                | 40            | Xã      | Nghệ An
 17611 | Vân Tụ                  | Van Tu                  | 40            | Xã      | Nghệ An
 17623 | Bạch Ngọc               | Bach Ngoc               | 40            | Xã      | Nghệ An
 17641 | Lương Sơn               | Luong Son               | 40            | Xã      | Nghệ An
 17662 | Đô Lương                | Do Luong                | 40            | Xã      | Nghệ An
 17677 | Văn Hiến                | Van Hien                | 40            | Xã      | Nghệ An
 17689 | Thuần Trung             | Thuan Trung             | 40            | Xã      | Nghệ An
 17707 | Bạch Hà                 | Bach Ha                 | 40            | Xã      | Nghệ An
 17713 | Đại Đồng                | Dai Dong                | 40            | Xã      | Nghệ An
 17722 | Hạnh Lâm                | Hanh Lam                | 40            | Xã      | Nghệ An
 17728 | Cát Ngạn                | Cat Ngan                | 40            | Xã      | Nghệ An
 17743 | Tam Đồng                | Tam Dong                | 40            | Xã      | Nghệ An
 17759 | Sơn Lâm                 | Son Lam                 | 40            | Xã      | Nghệ An
 17770 | Hoa Quân                | Hoa Quan                | 40            | Xã      | Nghệ An
 17779 | Xuân Lâm                | Xuan Lam                | 40            | Xã      | Nghệ An
 17791 | Kim Bảng                | Kim Bang                | 40            | Xã      | Nghệ An
 17818 | Bích Hào                | Bich Hao                | 40            | Xã      | Nghệ An
 17827 | Nghi Lộc                | Nghi Loc                | 40            | Xã      | Nghệ An
 17833 | Hải Lộc                 | Hai Loc                 | 40            | Xã      | Nghệ An
 17842 | Thần Lĩnh               | Than Linh               | 40            | Xã      | Nghệ An
 17854 | Văn Kiều                | Van Kieu                | 40            | Xã      | Nghệ An
 17857 | Phúc Lộc                | Phuc Loc                | 40            | Xã      | Nghệ An
 17866 | Trung Lộc               | Trung Loc               | 40            | Xã      | Nghệ An
 17878 | Đông Lộc                | Dong Loc                | 40            | Xã      | Nghệ An
 17920 | Vinh Hưng               | Vinh Hung               | 40            | Phường  | Nghệ An
 17935 | Nam Đàn                 | Nam Dan                 | 40            | Xã      | Nghệ An
 17944 | Đại Huệ                 | Dai Hue                 | 40            | Xã      | Nghệ An
 17950 | Vạn An                  | Van An                  | 40            | Xã      | Nghệ An
 17971 | Kim Liên                | Kim Lien                | 40            | Xã      | Nghệ An
 17989 | Thiên Nhẫn              | Thien Nhan              | 40            | Xã      | Nghệ An
 18001 | Hưng Nguyên             | Hung Nguyen             | 40            | Xã      | Nghệ An
 18007 | Yên Trung               | Yen Trung               | 40            | Xã      | Nghệ An
 18028 | Hưng Nguyên Nam         | Hung Nguyen Nam         | 40            | Xã      | Nghệ An
 18040 | Lam Thành               | Lam Thanh               | 40            | Xã      | Nghệ An
 18073 | Thành Sen               | Thanh Sen               | 42            | Phường  | Hà Tĩnh
 18100 | Trần Phú                | Tran Phu                | 42            | Phường  | Hà Tĩnh
 18115 | Bắc Hồng Lĩnh           | Bac Hong Linh           | 42            | Phường  | Hà Tĩnh
 18118 | Nam Hồng Lĩnh           | Nam Hong Linh           | 42            | Phường  | Hà Tĩnh
 18133 | Hương Sơn               | Huong Son               | 42            | Xã      | Hà Tĩnh
 18160 | Sơn Hồng                | Son Hong                | 42            | Xã      | Hà Tĩnh
 18163 | Sơn Tiến                | Son Tien                | 42            | Xã      | Hà Tĩnh
 18172 | Sơn Tây                 | Son Tay                 | 42            | Xã      | Hà Tĩnh
 18184 | Sơn Giang               | Son Giang               | 42            | Xã      | Hà Tĩnh
 18196 | Sơn Kim 1               | Son Kim 1               | 42            | Xã      | Hà Tĩnh
 18199 | Sơn Kim 2               | Son Kim 2               | 42            | Xã      | Hà Tĩnh
 18202 | Tứ Mỹ                   | Tu My                   | 42            | Xã      | Hà Tĩnh
 18223 | Kim Hoa                 | Kim Hoa                 | 42            | Xã      | Hà Tĩnh
 18229 | Đức Thọ                 | Duc Tho                 | 42            | Xã      | Hà Tĩnh
 18244 | Đức Minh                | Duc Minh                | 42            | Xã      | Hà Tĩnh
 18262 | Đức Quang               | Duc Quang               | 42            | Xã      | Hà Tĩnh
 18277 | Đức Thịnh               | Duc Thinh               | 42            | Xã      | Hà Tĩnh
 18304 | Đức Đồng                | Duc Dong                | 42            | Xã      | Hà Tĩnh
 18313 | Vũ Quang                | Vu Quang                | 42            | Xã      | Hà Tĩnh
 18322 | Mai Hoa                 | Mai Hoa                 | 42            | Xã      | Hà Tĩnh
 18328 | Thượng Đức              | Thuong Duc              | 42            | Xã      | Hà Tĩnh
 18352 | Nghi Xuân               | Nghi Xuan               | 42            | Xã      | Hà Tĩnh
 18364 | Đan Hải                 | Dan Hai                 | 42            | Xã      | Hà Tĩnh
 18373 | Tiên Điền               | Tien Dien               | 42            | Xã      | Hà Tĩnh
 18394 | Cổ Đạm                  | Co Dam                  | 42            | Xã      | Hà Tĩnh
 18406 | Can Lộc                 | Can Loc                 | 42            | Xã      | Hà Tĩnh
 18409 | Hồng Lộc                | Hong Loc                | 42            | Xã      | Hà Tĩnh
 18418 | Tùng Lộc                | Tung Loc                | 42            | Xã      | Hà Tĩnh
 18436 | Trường Lưu              | Truong Luu              | 42            | Xã      | Hà Tĩnh
 18466 | Gia Hanh                | Gia Hanh                | 42            | Xã      | Hà Tĩnh
 18481 | Xuân Lộc                | Xuan Loc                | 42            | Xã      | Hà Tĩnh
 18484 | Đồng Lộc                | Dong Loc                | 42            | Xã      | Hà Tĩnh
 18496 | Hương Khê               | Huong Khe               | 42            | Xã      | Hà Tĩnh
 18502 | Hà Linh                 | Ha Linh                 | 42            | Xã      | Hà Tĩnh
 18523 | Hương Bình              | Huong Binh              | 42            | Xã      | Hà Tĩnh
 18532 | Hương Phố               | Huong Pho               | 42            | Xã      | Hà Tĩnh
 18544 | Hương Xuân              | Huong Xuan              | 42            | Xã      | Hà Tĩnh
 18547 | Phúc Trạch              | Phuc Trach              | 42            | Xã      | Hà Tĩnh
 18550 | Hương Đô                | Huong Do                | 42            | Xã      | Hà Tĩnh
 18562 | Thạch Hà                | Thach Ha                | 42            | Xã      | Hà Tĩnh
 18568 | Lộc Hà                  | Loc Ha                  | 42            | Xã      | Hà Tĩnh
 18583 | Mai Phụ                 | Mai Phu                 | 42            | Xã      | Hà Tĩnh
 18586 | Đông Kinh               | Dong Kinh               | 42            | Xã      | Hà Tĩnh
 18601 | Việt Xuyên              | Viet Xuyen              | 42            | Xã      | Hà Tĩnh
 18604 | Thạch Khê               | Thach Khe               | 42            | Xã      | Hà Tĩnh
 18619 | Đồng Tiến               | Dong Tien               | 42            | Xã      | Hà Tĩnh
 18628 | Thạch Lạc               | Thach Lac               | 42            | Xã      | Hà Tĩnh
 18634 | Toàn Lưu                | Toan Luu                | 42            | Xã      | Hà Tĩnh
 18652 | Hà Huy Tập              | Ha Huy Tap              | 42            | Phường  | Hà Tĩnh
 18667 | Thạch Xuân              | Thach Xuan              | 42            | Xã      | Hà Tĩnh
 18673 | Cẩm Xuyên               | Cam Xuyen               | 42            | Xã      | Hà Tĩnh
 18676 | Thiên Cầm               | Thien Cam               | 42            | Xã      | Hà Tĩnh
 18682 | Yên Hoà                 | Yen Hoa                 | 42            | Xã      | Hà Tĩnh
 18685 | Cẩm Bình                | Cam Binh                | 42            | Xã      | Hà Tĩnh
 18736 | Cẩm Hưng                | Cam Hung                | 42            | Xã      | Hà Tĩnh
 18739 | Cẩm Duệ                 | Cam Due                 | 42            | Xã      | Hà Tĩnh
 18742 | Cẩm Trung               | Cam Trung               | 42            | Xã      | Hà Tĩnh
 18748 | Cẩm Lạc                 | Cam Lac                 | 42            | Xã      | Hà Tĩnh
 18754 | Sông Trí                | Song Tri                | 42            | Phường  | Hà Tĩnh
 18766 | Kỳ Xuân                 | Ky Xuan                 | 42            | Xã      | Hà Tĩnh
 18775 | Kỳ Anh                  | Ky Anh                  | 42            | Xã      | Hà Tĩnh
 18781 | Hải Ninh                | Hai Ninh                | 42            | Phường  | Hà Tĩnh
 18787 | Kỳ Văn                  | Ky Van                  | 42            | Xã      | Hà Tĩnh
 18790 | Kỳ Khang                | Ky Khang                | 42            | Xã      | Hà Tĩnh
 18814 | Kỳ Hoa                  | Ky Hoa                  | 42            | Xã      | Hà Tĩnh
 18823 | Vũng Áng                | Vung Ang                | 42            | Phường  | Hà Tĩnh
 18832 | Hoành Sơn               | Hoanh Son               | 42            | Phường  | Hà Tĩnh
 18838 | Kỳ Lạc                  | Ky Lac                  | 42            | Xã      | Hà Tĩnh
 18844 | Kỳ Thượng               | Ky Thuong               | 42            | Xã      | Hà Tĩnh
 18859 | Đồng Thuận              | Dong Thuan              | 44            | Phường  | Quảng Trị
 18871 | Đồng Sơn                | Dong Son                | 44            | Phường  | Quảng Trị
 18880 | Đồng Hới                | Dong Hoi                | 44            | Phường  | Quảng Trị
 18901 | Minh Hoá                | Minh Hoa                | 44            | Xã      | Quảng Trị
 18904 | Dân Hoá                 | Dan Hoa                 | 44            | Xã      | Quảng Trị
 18919 | Tân Thành               | Tan Thanh               | 44            | Xã      | Quảng Trị
 18922 | Kim Điền                | Kim Dien                | 44            | Xã      | Quảng Trị
 18943 | Kim Phú                 | Kim Phu                 | 44            | Xã      | Quảng Trị
 18949 | Đồng Lê                 | Dong Le                 | 44            | Xã      | Quảng Trị
 18952 | Tuyên Sơn               | Tuyen Son               | 44            | Xã      | Quảng Trị
 18958 | Tuyên Lâm               | Tuyen Lam               | 44            | Xã      | Quảng Trị
 18985 | Tuyên Phú               | Tuyen Phu               | 44            | Xã      | Quảng Trị
 18991 | Tuyên Bình              | Tuyen Binh              | 44            | Xã      | Quảng Trị
 18997 | Tuyên Hoá               | Tuyen Hoa               | 44            | Xã      | Quảng Trị
 19009 | Ba Đồn                  | Ba Don                  | 44            | Phường  | Quảng Trị
 19021 | Phú Trạch               | Phu Trach               | 44            | Xã      | Quảng Trị
 19030 | Trung Thuần             | Trung Thuan             | 44            | Xã      | Quảng Trị
 19033 | Hoà Trạch               | Hoa Trach               | 44            | Xã      | Quảng Trị
 19051 | Tân Gianh               | Tan Gianh               | 44            | Xã      | Quảng Trị
 19057 | Quảng Trạch             | Quang Trach             | 44            | Xã      | Quảng Trị
 19066 | Bắc Gianh               | Bac Gianh               | 44            | Phường  | Quảng Trị
 19075 | Nam Ba Đồn              | Nam Ba Don              | 44            | Xã      | Quảng Trị
 19093 | Nam Gianh               | Nam Gianh               | 44            | Xã      | Quảng Trị
 19111 | Hoàn Lão                | Hoan Lao                | 44            | Xã      | Quảng Trị
 19126 | Bắc Trạch               | Bac Trach               | 44            | Xã      | Quảng Trị
 19138 | Phong Nha               | Phong Nha               | 44            | Xã      | Quảng Trị
 19141 | Bố Trạch                | Bo Trach                | 44            | Xã      | Quảng Trị
 19147 | Thượng Trạch            | Thuong Trach            | 44            | Xã      | Quảng Trị
 19159 | Đông Trạch              | Dong Trach              | 44            | Xã      | Quảng Trị
 19198 | Nam Trạch               | Nam Trach               | 44            | Xã      | Quảng Trị
 19204 | Trường Sơn              | Truong Son              | 44            | Xã      | Quảng Trị
 19207 | Quảng Ninh              | Quang Ninh              | 44            | Xã      | Quảng Trị
 19225 | Ninh Châu               | Ninh Chau               | 44            | Xã      | Quảng Trị
 19237 | Trường Ninh             | Truong Ninh             | 44            | Xã      | Quảng Trị
 19246 | Lệ Ninh                 | Le Ninh                 | 44            | Xã      | Quảng Trị
 19249 | Lệ Thuỷ                 | Le Thuy                 | 44            | Xã      | Quảng Trị
 19255 | Cam Hồng                | Cam Hong                | 44            | Xã      | Quảng Trị
 19288 | Sen Ngư                 | Sen Ngu                 | 44            | Xã      | Quảng Trị
 19291 | Tân Mỹ                  | Tan My                  | 44            | Xã      | Quảng Trị
 19309 | Trường Phú              | Truong Phu              | 44            | Xã      | Quảng Trị
 19318 | Kim Ngân                | Kim Ngan                | 44            | Xã      | Quảng Trị
 19333 | Đông Hà                 | Dong Ha                 | 44            | Phường  | Quảng Trị
 19351 | Nam Đông Hà             | Nam Dong Ha             | 44            | Phường  | Quảng Trị
 19360 | Quảng Trị               | Quang Tri               | 44            | Phường  | Quảng Trị
 19363 | Vĩnh Linh               | Vinh Linh               | 44            | Xã      | Quảng Trị
 19366 | Bến Quan                | Ben Quan                | 44            | Xã      | Quảng Trị
 19372 | Vĩnh Hoàng              | Vinh Hoang              | 44            | Xã      | Quảng Trị
 19405 | Vĩnh Thuỷ               | Vinh Thuy               | 44            | Xã      | Quảng Trị
 19414 | Cửa Tùng                | Cua Tung                | 44            | Xã      | Quảng Trị
 19429 | Khe Sanh                | Khe Sanh                | 44            | Xã      | Quảng Trị
 19432 | Lao Bảo                 | Lao Bao                 | 44            | Xã      | Quảng Trị
 19435 | Hướng Lập               | Huong Lap               | 44            | Xã      | Quảng Trị
 19441 | Hướng Phùng             | Huong Phung             | 44            | Xã      | Quảng Trị
 19462 | Tân Lập                 | Tan Lap                 | 44            | Xã      | Quảng Trị
 19483 | A Dơi                   | A Doi                   | 44            | Xã      | Quảng Trị
 19489 | Lìa                     | Lia                     | 44            | Xã      | Quảng Trị
 19495 | Gio Linh                | Gio Linh                | 44            | Xã      | Quảng Trị
 19496 | Cửa Việt                | Cua Viet                | 44            | Xã      | Quảng Trị
 19501 | Bến Hải                 | Ben Hai                 | 44            | Xã      | Quảng Trị
 19537 | Cồn Tiên                | Con Tien                | 44            | Xã      | Quảng Trị
 19555 | Hướng Hiệp              | Huong Hiep              | 44            | Xã      | Quảng Trị
 19564 | Đakrông                 | Dakrong                 | 44            | Xã      | Quảng Trị
 19567 | Ba Lòng                 | Ba Long                 | 44            | Xã      | Quảng Trị
 19588 | Tà Rụt                  | Ta Rut                  | 44            | Xã      | Quảng Trị
 19594 | La Lay                  | La Lay                  | 44            | Xã      | Quảng Trị
 19597 | Cam Lộ                  | Cam Lo                  | 44            | Xã      | Quảng Trị
 19603 | Hiếu Giang              | Hieu Giang              | 44            | Xã      | Quảng Trị
 19624 | Triệu Phong             | Trieu Phong             | 44            | Xã      | Quảng Trị
 19639 | Nam Cửa Việt            | Nam Cua Viet            | 44            | Xã      | Quảng Trị
 19645 | Triệu Bình              | Trieu Binh              | 44            | Xã      | Quảng Trị
 19654 | Triệu Cơ                | Trieu Co                | 44            | Xã      | Quảng Trị
 19669 | Ái Tử                   | Ai Tu                   | 44            | Xã      | Quảng Trị
 19681 | Diên Sanh               | Dien Sanh               | 44            | Xã      | Quảng Trị
 19699 | Vĩnh Định               | Vinh Dinh               | 44            | Xã      | Quảng Trị
 19702 | Hải Lăng                | Hai Lang                | 44            | Xã      | Quảng Trị
 19735 | Nam Hải Lăng            | Nam Hai Lang            | 44            | Xã      | Quảng Trị
 19741 | Mỹ Thuỷ                 | My Thuy                 | 44            | Xã      | Quảng Trị
 19742 | Cồn Cỏ                  | Con Co                  | 44            | Đặc khu | Quảng Trị
 19753 | Phú Xuân                | Phu Xuan                | 46            | Phường  | Huế
 19774 | Kim Long                | Kim Long                | 46            | Phường  | Huế
 19777 | Vỹ Dạ                   | Vy Da                   | 46            | Phường  | Huế
 19789 | Thuận Hoá               | Thuan Hoa               | 46            | Phường  | Huế
 19804 | Hương An                | Huong An                | 46            | Phường  | Huế
 19813 | Thuỷ Xuân               | Thuy Xuan               | 46            | Phường  | Huế
 19815 | An Cựu                  | An Cuu                  | 46            | Phường  | Huế
 19819 | Phong Điền              | Phong Dien              | 46            | Phường  | Huế
 19828 | Phong Phú               | Phong Phu               | 46            | Phường  | Huế
 19831 | Phong Dinh              | Phong Dinh              | 46            | Phường  | Huế
 19858 | Phong Thái              | Phong Thai              | 46            | Phường  | Huế
 19867 | Quảng Điền              | Quang Dien              | 46            | Xã      | Huế
 19873 | Phong Quảng             | Phong Quang             | 46            | Phường  | Huế
 19885 | Đan Điền                | Dan Dien                | 46            | Xã      | Huế
 19900 | Thuận An                | Thuan An                | 46            | Phường  | Huế
 19909 | Dương Nỗ                | Duong No                | 46            | Phường  | Huế
 19918 | Phú Hồ                  | Phu Ho                  | 46            | Xã      | Huế
 19930 | Mỹ Thượng               | My Thuong               | 46            | Phường  | Huế
 19942 | Phú Vang                | Phu Vang                | 46            | Xã      | Huế
 19945 | Phú Vinh                | Phu Vinh                | 46            | Xã      | Huế
 19960 | Phú Bài                 | Phu Bai                 | 46            | Phường  | Huế
 19969 | Thanh Thuỷ              | Thanh Thuy              | 46            | Phường  | Huế
 19975 | Hương Thuỷ              | Huong Thuy              | 46            | Phường  | Huế
 19996 | Hương Trà               | Huong Tra               | 46            | Phường  | Huế
 20014 | Hoá Châu                | Hoa Chau                | 46            | Phường  | Huế
 20017 | Kim Trà                 | Kim Tra                 | 46            | Phường  | Huế
 20035 | Bình Điền               | Binh Dien               | 46            | Xã      | Huế
 20044 | A Lưới 2                | A Luoi 2                | 46            | Xã      | Huế
 20050 | A Lưới 5                | A Luoi 5                | 46            | Xã      | Huế
 20056 | A Lưới 1                | A Luoi 1                | 46            | Xã      | Huế
 20071 | A Lưới 3                | A Luoi 3                | 46            | Xã      | Huế
 20101 | A Lưới 4                | A Luoi 4                | 46            | Xã      | Huế
 20107 | Phú Lộc                 | Phu Loc                 | 46            | Xã      | Huế
 20122 | Vinh Lộc                | Vinh Loc                | 46            | Xã      | Huế
 20131 | Hưng Lộc                | Hung Loc                | 46            | Xã      | Huế
 20137 | Chân Mây - Lăng Cô      | Chan May - Lang Co      | 46            | Xã      | Huế
 20140 | Lộc An                  | Loc An                  | 46            | Xã      | Huế
 20161 | Khe Tre                 | Khe Tre                 | 46            | Xã      | Huế
 20179 | Nam Đông                | Nam Dong                | 46            | Xã      | Huế
 20182 | Long Quảng              | Long Quang              | 46            | Xã      | Huế
 20194 | Hải Vân                 | Hai Van                 | 48            | Phường  | Đà Nẵng
 20197 | Liên Chiểu              | Lien Chieu              | 48            | Phường  | Đà Nẵng
 20200 | Hoà Khánh               | Hoa Khanh               | 48            | Phường  | Đà Nẵng
 20209 | Thanh Khê               | Thanh Khe               | 48            | Phường  | Đà Nẵng
 20242 | Hải Châu                | Hai Chau                | 48            | Phường  | Đà Nẵng
 20257 | Hoà Cường               | Hoa Cuong               | 48            | Phường  | Đà Nẵng
 20260 | Cẩm Lệ                  | Cam Le                  | 48            | Phường  | Đà Nẵng
 20263 | Sơn Trà                 | Son Tra                 | 48            | Phường  | Đà Nẵng
 20275 | An Hải                  | An Hai                  | 48            | Phường  | Đà Nẵng
 20285 | Ngũ Hành Sơn            | Ngu Hanh Son            | 48            | Phường  | Đà Nẵng
 20305 | An Khê                  | An Khe                  | 48            | Phường  | Đà Nẵng
 20308 | Bà Nà                   | Ba Na                   | 48            | Xã      | Đà Nẵng
 20314 | Hoà Xuân                | Hoa Xuan                | 48            | Phường  | Đà Nẵng
 20320 | Hoà Vang                | Hoa Vang                | 48            | Xã      | Đà Nẵng
 20332 | Hoà Tiến                | Hoa Tien                | 48            | Xã      | Đà Nẵng
 20333 | Hoàng Sa                | Paracel                 | 48            | Đặc khu | Đà Nẵng
 20335 | Bàn Thạch               | Ban Thach               | 48            | Phường  | Đà Nẵng
 20341 | Tam Kỳ                  | Tam Ky                  | 48            | Phường  | Đà Nẵng
 20350 | Hương Trà               | Huong Tra               | 48            | Phường  | Đà Nẵng
 20356 | Quảng Phú               | Quang Phu               | 48            | Phường  | Đà Nẵng
 20364 | Chiên Đàn               | Chien Dan               | 48            | Xã      | Đà Nẵng
 20380 | Tây Hồ                  | Tay Ho                  | 48            | Xã      | Đà Nẵng
 20392 | Phú Ninh                | Phu Ninh                | 48            | Xã      | Đà Nẵng
 20401 | Hội An Tây              | Hoi An Tay              | 48            | Phường  | Đà Nẵng
 20410 | Hội An                  | Hoi An                  | 48            | Phường  | Đà Nẵng
 20413 | Hội An Đông             | Hoi An Dong             | 48            | Phường  | Đà Nẵng
 20434 | Tân Hiệp                | Tan Hiep                | 48            | Xã      | Đà Nẵng
 20443 | Hùng Sơn                | Hung Son                | 48            | Xã      | Đà Nẵng
 20455 | Tây Giang               | Tay Giang               | 48            | Xã      | Đà Nẵng
 20458 | Avương                  | Avuong                  | 48            | Xã      | Đà Nẵng
 20467 | Đông Giang              | Dong Giang              | 48            | Xã      | Đà Nẵng
 20476 | Sông Kôn                | Song Kon                | 48            | Xã      | Đà Nẵng
 20485 | Sông Vàng               | Song Vang               | 48            | Xã      | Đà Nẵng
 20494 | Bến Hiên                | Ben Hien                | 48            | Xã      | Đà Nẵng
 20500 | Đại Lộc                 | Dai Loc                 | 48            | Xã      | Đà Nẵng
 20506 | Thượng Đức              | Thuong Duc              | 48            | Xã      | Đà Nẵng
 20515 | Hà Nha                  | Ha Nha                  | 48            | Xã      | Đà Nẵng
 20539 | Vu Gia                  | Vu Gia                  | 48            | Xã      | Đà Nẵng
 20542 | Phú Thuận               | Phu Thuan               | 48            | Xã      | Đà Nẵng
 20551 | Điện Bàn                | Dien Ban                | 48            | Phường  | Đà Nẵng
 20557 | Điện Bàn Bắc            | Dien Ban Bac            | 48            | Phường  | Đà Nẵng
 20569 | Điện Bàn Tây            | Dien Ban Tay            | 48            | Xã      | Đà Nẵng
 20575 | An Thắng                | An Thang                | 48            | Phường  | Đà Nẵng
 20579 | Điện Bàn Đông           | Dien Ban Dong           | 48            | Phường  | Đà Nẵng
 20587 | Gò Nổi                  | Go Noi                  | 48            | Xã      | Đà Nẵng
 20599 | Nam Phước               | Nam Phuoc               | 48            | Xã      | Đà Nẵng
 20611 | Thu Bồn                 | Thu Bon                 | 48            | Xã      | Đà Nẵng
 20623 | Duy Xuyên               | Duy Xuyen               | 48            | Xã      | Đà Nẵng
 20635 | Duy Nghĩa               | Duy Nghia               | 48            | Xã      | Đà Nẵng
 20641 | Quế Sơn                 | Que Son                 | 48            | Xã      | Đà Nẵng
 20650 | Xuân Phú                | Xuan Phu                | 48            | Xã      | Đà Nẵng
 20656 | Nông Sơn                | Nong Son                | 48            | Xã      | Đà Nẵng
 20662 | Quế Sơn Trung           | Que Son Trung           | 48            | Xã      | Đà Nẵng
 20669 | Quế Phước               | Que Phuoc               | 48            | Xã      | Đà Nẵng
 20695 | Thạnh Mỹ                | Thanh My                | 48            | Xã      | Đà Nẵng
 20698 | La Êê                   | La Ee                   | 48            | Xã      | Đà Nẵng
 20704 | La Dêê                  | La Dee                  | 48            | Xã      | Đà Nẵng
 20707 | Nam Giang               | Nam Giang               | 48            | Xã      | Đà Nẵng
 20710 | Bến Giằng               | Ben Giang               | 48            | Xã      | Đà Nẵng
 20716 | Đắc Pring               | Dac Pring               | 48            | Xã      | Đà Nẵng
 20722 | Khâm Đức                | Kham Duc                | 48            | Xã      | Đà Nẵng
 20728 | Phước Hiệp              | Phuoc Hiep              | 48            | Xã      | Đà Nẵng
 20734 | Phước Năng              | Phuoc Nang              | 48            | Xã      | Đà Nẵng
 20740 | Phước Chánh             | Phuoc Chanh             | 48            | Xã      | Đà Nẵng
 20752 | Phước Thành             | Phuoc Thanh             | 48            | Xã      | Đà Nẵng
 20767 | Việt An                 | Viet An                 | 48            | Xã      | Đà Nẵng
 20770 | Phước Trà               | Phuoc Tra               | 48            | Xã      | Đà Nẵng
 20779 | Hiệp Đức                | Hiep Duc                | 48            | Xã      | Đà Nẵng
 20791 | Thăng Bình              | Thang Binh              | 48            | Xã      | Đà Nẵng
 20794 | Thăng An                | Thang An                | 48            | Xã      | Đà Nẵng
 20818 | Đồng Dương              | Dong Duong              | 48            | Xã      | Đà Nẵng
 20827 | Thăng Phú               | Thang Phu               | 48            | Xã      | Đà Nẵng
 20836 | Thăng Trường            | Thang Truong            | 48            | Xã      | Đà Nẵng
 20848 | Thăng Điền              | Thang Dien              | 48            | Xã      | Đà Nẵng
 20854 | Tiên Phước              | Tien Phuoc              | 48            | Xã      | Đà Nẵng
 20857 | Sơn Cẩm Hà              | Son Cam Ha              | 48            | Xã      | Đà Nẵng
 20875 | Lãnh Ngọc               | Lanh Ngoc               | 48            | Xã      | Đà Nẵng
 20878 | Thạnh Bình              | Thanh Binh              | 48            | Xã      | Đà Nẵng
 20900 | Trà My                  | Tra My                  | 48            | Xã      | Đà Nẵng
 20908 | Trà Liên                | Tra Lien                | 48            | Xã      | Đà Nẵng
 20920 | Trà Đốc                 | Tra Doc                 | 48            | Xã      | Đà Nẵng
 20923 | Trà Tân                 | Tra Tan                 | 48            | Xã      | Đà Nẵng
 20929 | Trà Giáp                | Tra Giap                | 48            | Xã      | Đà Nẵng
 20938 | Trà Leng                | Tra Leng                | 48            | Xã      | Đà Nẵng
 20941 | Trà Tập                 | Tra Tap                 | 48            | Xã      | Đà Nẵng
 20944 | Nam Trà My              | Nam Tra My              | 48            | Xã      | Đà Nẵng
 20950 | Trà Linh                | Tra Linh                | 48            | Xã      | Đà Nẵng
 20959 | Trà Vân                 | Tra Van                 | 48            | Xã      | Đà Nẵng
 20965 | Núi Thành               | Nui Thanh               | 48            | Xã      | Đà Nẵng
 20971 | Tam Xuân                | Tam Xuan                | 48            | Xã      | Đà Nẵng
 20977 | Đức Phú                 | Duc Phu                 | 48            | Xã      | Đà Nẵng
 20984 | Tam Anh                 | Tam Anh                 | 48            | Xã      | Đà Nẵng
 20992 | Tam Hải                 | Tam Hai                 | 48            | Xã      | Đà Nẵng
 21004 | Tam Mỹ                  | Tam My                  | 48            | Xã      | Đà Nẵng
 21025 | Cẩm Thành               | Cam Thanh               | 51            | Phường  | Quảng Ngãi
 21028 | Nghĩa Lộ                | Nghia Lo                | 51            | Phường  | Quảng Ngãi
 21034 | An Phú                  | An Phu                  | 51            | Xã      | Quảng Ngãi
 21040 | Bình Sơn                | Binh Son                | 51            | Xã      | Quảng Ngãi
 21061 | Vạn Tường               | Van Tuong               | 51            | Xã      | Quảng Ngãi
 21085 | Bình Minh               | Binh Minh               | 51            | Xã      | Quảng Ngãi
 21100 | Bình Chương             | Binh Chuong             | 51            | Xã      | Quảng Ngãi
 21109 | Đông Sơn                | Dong Son                | 51            | Xã      | Quảng Ngãi
 21115 | Trà Bồng                | Tra Bong                | 51            | Xã      | Quảng Ngãi
 21124 | Thanh Bồng              | Thanh Bong              | 51            | Xã      | Quảng Ngãi
 21127 | Đông Trà Bồng           | Dong Tra Bong           | 51            | Xã      | Quảng Ngãi
 21136 | Cà Đam                  | Ca Dam                  | 51            | Xã      | Quảng Ngãi
 21154 | Tây Trà                 | Tay Tra                 | 51            | Xã      | Quảng Ngãi
 21157 | Tây Trà Bồng            | Tay Tra Bong            | 51            | Xã      | Quảng Ngãi
 21172 | Trương Quang Trọng      | Truong Quang Trong      | 51            | Phường  | Quảng Ngãi
 21181 | Thọ Phong               | Tho Phong               | 51            | Xã      | Quảng Ngãi
 21196 | Trường Giang            | Truong Giang            | 51            | Xã      | Quảng Ngãi
 21205 | Ba Gia                  | Ba Gia                  | 51            | Xã      | Quảng Ngãi
 21211 | Tịnh Khê                | Tinh Khe                | 51            | Xã      | Quảng Ngãi
 21220 | Sơn Tịnh                | Son Tinh                | 51            | Xã      | Quảng Ngãi
 21235 | Tư Nghĩa                | Tu Nghia                | 51            | Xã      | Quảng Ngãi
 21238 | Vệ Giang                | Ve Giang                | 51            | Xã      | Quảng Ngãi
 21244 | Trà Giang               | Tra Giang               | 51            | Xã      | Quảng Ngãi
 21250 | Nghĩa Giang             | Nghia Giang             | 51            | Xã      | Quảng Ngãi
 21289 | Sơn Hà                  | Son Ha                  | 51            | Xã      | Quảng Ngãi
 21292 | Sơn Hạ                  | Son Ha                  | 51            | Xã      | Quảng Ngãi
 21307 | Sơn Linh                | Son Linh                | 51            | Xã      | Quảng Ngãi
 21319 | Sơn Thuỷ                | Son Thuy                | 51            | Xã      | Quảng Ngãi
 21325 | Sơn Kỳ                  | Son Ky                  | 51            | Xã      | Quảng Ngãi
 21334 | Sơn Tây Thượng          | Son Tay Thuong          | 51            | Xã      | Quảng Ngãi
 21340 | Sơn Tây                 | Son Tay                 | 51            | Xã      | Quảng Ngãi
 21343 | Sơn Tây Hạ              | Son Tay Ha              | 51            | Xã      | Quảng Ngãi
 21349 | Sơn Mai                 | Son Mai                 | 51            | Xã      | Quảng Ngãi
 21361 | Minh Long               | Minh Long               | 51            | Xã      | Quảng Ngãi
 21364 | Nghĩa Hành              | Nghia Hanh              | 51            | Xã      | Quảng Ngãi
 21370 | Phước Giang             | Phuoc Giang             | 51            | Xã      | Quảng Ngãi
 21385 | Đình Cương              | Dinh Cuong              | 51            | Xã      | Quảng Ngãi
 21388 | Thiện Tín               | Thien Tin               | 51            | Xã      | Quảng Ngãi
 21400 | Mộ Đức                  | Mo Duc                  | 51            | Xã      | Quảng Ngãi
 21409 | Long Phụng              | Long Phung              | 51            | Xã      | Quảng Ngãi
 21421 | Mỏ Cày                  | Mo Cay                  | 51            | Xã      | Quảng Ngãi
 21433 | Lân Phong               | Lan Phong               | 51            | Xã      | Quảng Ngãi
 21439 | Đức Phổ                 | Duc Pho                 | 51            | Phường  | Quảng Ngãi
 21451 | Trà Câu                 | Tra Cau                 | 51            | Phường  | Quảng Ngãi
 21457 | Nguyễn Nghiêm           | Nguyen Nghiem           | 51            | Xã      | Quảng Ngãi
 21472 | Khánh Cường             | Khanh Cuong             | 51            | Xã      | Quảng Ngãi
 21478 | Sa Huỳnh                | Sa Huynh                | 51            | Phường  | Quảng Ngãi
 21484 | Ba Tơ                   | Ba To                   | 51            | Xã      | Quảng Ngãi
 21490 | Ba Vinh                 | Ba Vinh                 | 51            | Xã      | Quảng Ngãi
 21496 | Ba Động                 | Ba Dong                 | 51            | Xã      | Quảng Ngãi
 21499 | Ba Dinh                 | Ba Dinh                 | 51            | Xã      | Quảng Ngãi
 21520 | Đặng Thuỳ Trâm          | Dang Thuy Tram          | 51            | Xã      | Quảng Ngãi
 21523 | Ba Tô                   | Ba To                   | 51            | Xã      | Quảng Ngãi
 21529 | Ba Vì                   | Ba Vi                   | 51            | Xã      | Quảng Ngãi
 21538 | Ba Xa                   | Ba Xa                   | 51            | Xã      | Quảng Ngãi
 21548 | Lý Sơn                  | Ly Son                  | 51            | Đặc khu | Quảng Ngãi
 23284 | Đăk Cấm                 | Dak Cam                 | 51            | Phường  | Quảng Ngãi
 23293 | Kon Tum                 | Kon Tum                 | 51            | Phường  | Quảng Ngãi
 23302 | Đăk Bla                 | Dak Bla                 | 51            | Phường  | Quảng Ngãi
 23317 | Ngọk Bay                | Ngok Bay                | 51            | Xã      | Quảng Ngãi
 23326 | Ia Chim                 | Ia Chim                 | 51            | Xã      | Quảng Ngãi
 23332 | Đăk Rơ Wa               | Dak Ro Wa               | 51            | Xã      | Quảng Ngãi
 23341 | Đăk Pék                 | Dak Pek                 | 51            | Xã      | Quảng Ngãi
 23344 | Đăk Plô                 | Dak Plo                 | 51            | Xã      | Quảng Ngãi
 23356 | Xốp                     | Xop                     | 51            | Xã      | Quảng Ngãi
 23365 | Ngọc Linh               | Ngoc Linh               | 51            | Xã      | Quảng Ngãi
 23368 | Đăk Long                | Dak Long                | 51            | Xã      | Quảng Ngãi
 23374 | Đăk Môn                 | Dak Mon                 | 51            | Xã      | Quảng Ngãi
 23377 | Bờ Y                    | Bo Y                    | 51            | Xã      | Quảng Ngãi
 23383 | Dục Nông                | Duc Nong                | 51            | Xã      | Quảng Ngãi
 23392 | Sa Loong                | Sa Loong                | 51            | Xã      | Quảng Ngãi
 23401 | Đăk Tô                  | Dak To                  | 51            | Xã      | Quảng Ngãi
 23416 | Đăk Sao                 | Dak Sao                 | 51            | Xã      | Quảng Ngãi
 23419 | Đăk Tờ Kan              | Dak To Kan              | 51            | Xã      | Quảng Ngãi
 23425 | Tu Mơ Rông              | Tu Mo Rong              | 51            | Xã      | Quảng Ngãi
 23428 | Ngọk Tụ                 | Ngok Tu                 | 51            | Xã      | Quảng Ngãi
 23430 | Kon Đào                 | Kon Dao                 | 51            | Xã      | Quảng Ngãi
 23446 | Măng Ri                 | Mang Ri                 | 51            | Xã      | Quảng Ngãi
 23455 | Măng Bút                | Mang But                | 51            | Xã      | Quảng Ngãi
 23473 | Măng Đen                | Mang Den                | 51            | Xã      | Quảng Ngãi
 23476 | Kon Plông               | Kon Plong               | 51            | Xã      | Quảng Ngãi
 23479 | Đăk Rve                 | Dak Rve                 | 51            | Xã      | Quảng Ngãi
 23485 | Đăk Kôi                 | Dak Koi                 | 51            | Xã      | Quảng Ngãi
 23497 | Kon Braih               | Kon Braih               | 51            | Xã      | Quảng Ngãi
 23500 | Đăk Hà                  | Dak Ha                  | 51            | Xã      | Quảng Ngãi
 23504 | Đăk Pxi                 | Dak Pxi                 | 51            | Xã      | Quảng Ngãi
 23510 | Đăk Ui                  | Dak Ui                  | 51            | Xã      | Quảng Ngãi
 23512 | Đăk Mar                 | Dak Mar                 | 51            | Xã      | Quảng Ngãi
 23515 | Ngọk Réo                | Ngok Reo                | 51            | Xã      | Quảng Ngãi
 23527 | Sa Thầy                 | Sa Thay                 | 51            | Xã      | Quảng Ngãi
 23530 | Rờ Kơi                  | Ro Koi                  | 51            | Xã      | Quảng Ngãi
 23534 | Sa Bình                 | Sa Binh                 | 51            | Xã      | Quảng Ngãi
 23535 | Ia Đal                  | Ia Dal                  | 51            | Xã      | Quảng Ngãi
 23536 | Mô Rai                  | Mo Rai                  | 51            | Xã      | Quảng Ngãi
 23538 | Ia Tơi                  | Ia Toi                  | 51            | Xã      | Quảng Ngãi
 23548 | Ya Ly                   | Ya Ly                   | 51            | Xã      | Quảng Ngãi
 21553 | Quy Nhơn Bắc            | Quy Nhon Bac            | 52            | Phường  | Gia Lai
 21583 | Quy Nhơn                | Quy Nhon                | 52            | Phường  | Gia Lai
 21589 | Quy Nhơn Tây            | Quy Nhon Tay            | 52            | Phường  | Gia Lai
 21592 | Quy Nhơn Nam            | Quy Nhon Nam            | 52            | Phường  | Gia Lai
 21601 | Quy Nhơn Đông           | Quy Nhon Dong           | 52            | Phường  | Gia Lai
 21607 | Nhơn Châu               | Nhon Chau               | 52            | Xã      | Gia Lai
 21609 | An Lão                  | An Lao                  | 52            | Xã      | Gia Lai
 21616 | An Vinh                 | An Vinh                 | 52            | Xã      | Gia Lai
 21622 | An Toàn                 | An Toan                 | 52            | Xã      | Gia Lai
 21628 | An Hoà                  | An Hoa                  | 52            | Xã      | Gia Lai
 21637 | Tam Quan                | Tam Quan                | 52            | Phường  | Gia Lai
 21640 | Bồng Sơn                | Bong Son                | 52            | Phường  | Gia Lai
 21655 | Hoài Nhơn Bắc           | Hoai Nhon Bac           | 52            | Phường  | Gia Lai
 21661 | Hoài Nhơn Tây           | Hoai Nhon Tay           | 52            | Phường  | Gia Lai
 21664 | Hoài Nhơn               | Hoai Nhon               | 52            | Phường  | Gia Lai
 21670 | Hoài Nhơn Đông          | Hoai Nhon Dong          | 52            | Phường  | Gia Lai
 21673 | Hoài Nhơn Nam           | Hoai Nhon Nam           | 52            | Phường  | Gia Lai
 21688 | Hoài Ân                 | Hoai An                 | 52            | Xã      | Gia Lai
 21697 | Ân Hảo                  | An Hao                  | 52            | Xã      | Gia Lai
 21703 | Vạn Đức                 | Van Duc                 | 52            | Xã      | Gia Lai
 21715 | Ân Tường                | An Tuong                | 52            | Xã      | Gia Lai
 21727 | Kim Sơn                 | Kim Son                 | 52            | Xã      | Gia Lai
 21730 | Phù Mỹ                  | Phu My                  | 52            | Xã      | Gia Lai
 21733 | Bình Dương              | Binh Duong              | 52            | Xã      | Gia Lai
 21739 | Phù Mỹ Bắc              | Phu My Bac              | 52            | Xã      | Gia Lai
 21751 | Phù Mỹ Đông             | Phu My Dong             | 52            | Xã      | Gia Lai
 21757 | Phù Mỹ Tây              | Phu My Tay              | 52            | Xã      | Gia Lai
 21769 | An Lương                | An Luong                | 52            | Xã      | Gia Lai
 21775 | Phù Mỹ Nam              | Phu My Nam              | 52            | Xã      | Gia Lai
 21786 | Vĩnh Thạnh              | Vinh Thanh              | 52            | Xã      | Gia Lai
 21787 | Vĩnh Sơn                | Vinh Son                | 52            | Xã      | Gia Lai
 21796 | Vĩnh Thịnh              | Vinh Thinh              | 52            | Xã      | Gia Lai
 21805 | Vĩnh Quang              | Vinh Quang              | 52            | Xã      | Gia Lai
 21808 | Tây Sơn                 | Tay Son                 | 52            | Xã      | Gia Lai
 21817 | Bình Hiệp               | Binh Hiep               | 52            | Xã      | Gia Lai
 21820 | Bình Khê                | Binh Khe                | 52            | Xã      | Gia Lai
 21829 | Bình An                 | Binh An                 | 52            | Xã      | Gia Lai
 21835 | Bình Phú                | Binh Phu                | 52            | Xã      | Gia Lai
 21853 | Phù Cát                 | Phu Cat                 | 52            | Xã      | Gia Lai
 21859 | Đề Gi                   | De Gi                   | 52            | Xã      | Gia Lai
 21868 | Hội Sơn                 | Hoi Son                 | 52            | Xã      | Gia Lai
 21871 | Hoà Hội                 | Hoa Hoi                 | 52            | Xã      | Gia Lai
 21880 | Cát Tiến                | Cat Tien                | 52            | Xã      | Gia Lai
 21892 | Xuân An                 | Xuan An                 | 52            | Xã      | Gia Lai
 21901 | Ngô Mây                 | Ngo May                 | 52            | Xã      | Gia Lai
 21907 | Bình Định               | Binh Dinh               | 52            | Phường  | Gia Lai
 21910 | An Nhơn                 | An Nhon                 | 52            | Phường  | Gia Lai
 21925 | An Nhơn Bắc             | An Nhon Bac             | 52            | Phường  | Gia Lai
 21934 | An Nhơn Đông            | An Nhon Dong            | 52            | Phường  | Gia Lai
 21940 | An Nhơn Tây             | An Nhon Tay             | 52            | Xã      | Gia Lai
 21943 | An Nhơn Nam             | An Nhon Nam             | 52            | Phường  | Gia Lai
 21952 | Tuy Phước               | Tuy Phuoc               | 52            | Xã      | Gia Lai
 21964 | Tuy Phước Bắc           | Tuy Phuoc Bac           | 52            | Xã      | Gia Lai
 21970 | Tuy Phước Đông          | Tuy Phuoc Dong          | 52            | Xã      | Gia Lai
 21985 | Tuy Phước Tây           | Tuy Phuoc Tay           | 52            | Xã      | Gia Lai
 21994 | Vân Canh                | Van Canh                | 52            | Xã      | Gia Lai
 21997 | Canh Liên               | Canh Lien               | 52            | Xã      | Gia Lai
 22006 | Canh Vinh               | Canh Vinh               | 52            | Xã      | Gia Lai
 23563 | Diên Hồng               | Dien Hong               | 52            | Phường  | Gia Lai
 23575 | Pleiku                  | Pleiku                  | 52            | Phường  | Gia Lai
 23584 | Thống Nhất              | Thong Nhat              | 52            | Phường  | Gia Lai
 23586 | Hội Phú                 | Hoi Phu                 | 52            | Phường  | Gia Lai
 23590 | Biển Hồ                 | Bien Ho                 | 52            | Xã      | Gia Lai
 23602 | An Phú                  | An Phu                  | 52            | Phường  | Gia Lai
 23611 | Gào                     | Gao                     | 52            | Xã      | Gia Lai
 23614 | An Bình                 | An Binh                 | 52            | Phường  | Gia Lai
 23617 | An Khê                  | An Khe                  | 52            | Phường  | Gia Lai
 23629 | Cửu An                  | Cuu An                  | 52            | Xã      | Gia Lai
 23638 | Kbang                   | Kbang                   | 52            | Xã      | Gia Lai
 23644 | Đak Rong                | Dak Rong                | 52            | Xã      | Gia Lai
 23647 | Sơn Lang                | Son Lang                | 52            | Xã      | Gia Lai
 23650 | Krong                   | Krong                   | 52            | Xã      | Gia Lai
 23668 | Tơ Tung                 | To Tung                 | 52            | Xã      | Gia Lai
 23674 | Kông Bơ La              | Kong Bo La              | 52            | Xã      | Gia Lai
 23677 | Đak Đoa                 | Dak Doa                 | 52            | Xã      | Gia Lai
 23683 | Đak Sơmei               | Dak Somei               | 52            | Xã      | Gia Lai
 23701 | Kon Gang                | Kon Gang                | 52            | Xã      | Gia Lai
 23710 | Ia Băng                 | Ia Bang                 | 52            | Xã      | Gia Lai
 23714 | KDang                   | KDang                   | 52            | Xã      | Gia Lai
 23722 | Chư Păh                 | Chu Pah                 | 52            | Xã      | Gia Lai
 23728 | Ia Khươl                | Ia Khuol                | 52            | Xã      | Gia Lai
 23734 | Ia Ly                   | Ia Ly                   | 52            | Xã      | Gia Lai
 23749 | Ia Phí                  | Ia Phi                  | 52            | Xã      | Gia Lai
 23764 | Ia Grai                 | Ia Grai                 | 52            | Xã      | Gia Lai
 23767 | Ia Hrung                | Ia Hrung                | 52            | Xã      | Gia Lai
 23776 | Ia Krái                 | Ia Krai                 | 52            | Xã      | Gia Lai
 23782 | Ia O                    | Ia O                    | 52            | Xã      | Gia Lai
 23788 | Ia Chia                 | Ia Chia                 | 52            | Xã      | Gia Lai
 23794 | Mang Yang               | Mang Yang               | 52            | Xã      | Gia Lai
 23798 | Ayun                    | Ayun                    | 52            | Xã      | Gia Lai
 23799 | Hra                     | Hra                     | 52            | Xã      | Gia Lai
 23812 | Lơ Pang                 | Lo Pang                 | 52            | Xã      | Gia Lai
 23818 | Kon Chiêng              | Kon Chieng              | 52            | Xã      | Gia Lai
 23824 | Kông Chro               | Kong Chro               | 52            | Xã      | Gia Lai
 23830 | Chư Krey                | Chu Krey                | 52            | Xã      | Gia Lai
 23833 | Ya Ma                   | Ya Ma                   | 52            | Xã      | Gia Lai
 23839 | SRó                     | SRo                     | 52            | Xã      | Gia Lai
 23842 | Đăk Song                | Dak Song                | 52            | Xã      | Gia Lai
 23851 | Chơ Long                | Cho Long                | 52            | Xã      | Gia Lai
 23857 | Đức Cơ                  | Duc Co                  | 52            | Xã      | Gia Lai
 23866 | Ia Krêl                 | Ia Krel                 | 52            | Xã      | Gia Lai
 23869 | Ia Dơk                  | Ia Dok                  | 52            | Xã      | Gia Lai
 23872 | Ia Dom                  | Ia Dom                  | 52            | Xã      | Gia Lai
 23881 | Ia Pnôn                 | Ia Pnon                 | 52            | Xã      | Gia Lai
 23884 | Ia Nan                  | Ia Nan                  | 52            | Xã      | Gia Lai
 23887 | Chư Prông               | Chu Prong               | 52            | Xã      | Gia Lai
 23896 | Bàu Cạn                 | Bau Can                 | 52            | Xã      | Gia Lai
 23908 | Ia Tôr                  | Ia Tor                  | 52            | Xã      | Gia Lai
 23911 | Ia Boòng                | Ia Boong                | 52            | Xã      | Gia Lai
 23917 | Ia Púch                 | Ia Puch                 | 52            | Xã      | Gia Lai
 23926 | Ia Pia                  | Ia Pia                  | 52            | Xã      | Gia Lai
 23935 | Ia Lâu                  | Ia Lau                  | 52            | Xã      | Gia Lai
 23938 | Ia Mơ                   | Ia Mo                   | 52            | Xã      | Gia Lai
 23941 | Chư Sê                  | Chu Se                  | 52            | Xã      | Gia Lai
 23942 | Chư Pưh                 | Chu Puh                 | 52            | Xã      | Gia Lai
 23947 | Bờ Ngoong               | Bo Ngoong               | 52            | Xã      | Gia Lai
 23954 | Al Bá                   | Al Ba                   | 52            | Xã      | Gia Lai
 23971 | Ia Hrú                  | Ia Hru                  | 52            | Xã      | Gia Lai
 23977 | Ia Ko                   | Ia Ko                   | 52            | Xã      | Gia Lai
 23986 | Ia Le                   | Ia Le                   | 52            | Xã      | Gia Lai
 23995 | Đak Pơ                  | Dak Po                  | 52            | Xã      | Gia Lai
 24007 | Ya Hội                  | Ya Hoi                  | 52            | Xã      | Gia Lai
 24013 | Pờ Tó                   | Po To                   | 52            | Xã      | Gia Lai
 24022 | Ia Pa                   | Ia Pa                   | 52            | Xã      | Gia Lai
 24028 | Ia Tul                  | Ia Tul                  | 52            | Xã      | Gia Lai
 24043 | Phú Thiện               | Phu Thien               | 52            | Xã      | Gia Lai
 24044 | Ayun Pa                 | Ayun Pa                 | 52            | Phường  | Gia Lai
 24049 | Chư A Thai              | Chu A Thai              | 52            | Xã      | Gia Lai
 24061 | Ia Hiao                 | Ia Hiao                 | 52            | Xã      | Gia Lai
 24065 | Ia Rbol                 | Ia Rbol                 | 52            | Xã      | Gia Lai
 24073 | Ia Sao                  | Ia Sao                  | 52            | Xã      | Gia Lai
 24076 | Phú Túc                 | Phu Tuc                 | 52            | Xã      | Gia Lai
 24100 | Ia Dreh                 | Ia Dreh                 | 52            | Xã      | Gia Lai
 24109 | Uar                     | Uar                     | 52            | Xã      | Gia Lai
 24112 | Ia Rsai                 | Ia Rsai                 | 52            | Xã      | Gia Lai
 22333 | Bắc Nha Trang           | Bac Nha Trang           | 56            | Phường  | Khánh Hoà
 22366 | Nha Trang               | Nha Trang               | 56            | Phường  | Khánh Hoà
 22390 | Tây Nha Trang           | Tay Nha Trang           | 56            | Phường  | Khánh Hoà
 22402 | Nam Nha Trang           | Nam Nha Trang           | 56            | Phường  | Khánh Hoà
 22411 | Bắc Cam Ranh            | Bac Cam Ranh            | 56            | Phường  | Khánh Hoà
 22420 | Cam Ranh                | Cam Ranh                | 56            | Phường  | Khánh Hoà
 22423 | Ba Ngòi                 | Ba Ngoi                 | 56            | Phường  | Khánh Hoà
 22432 | Cam Linh                | Cam Linh                | 56            | Phường  | Khánh Hoà
 22435 | Cam Hiệp                | Cam Hiep                | 56            | Xã      | Khánh Hoà
 22453 | Cam Lâm                 | Cam Lam                 | 56            | Xã      | Khánh Hoà
 22465 | Cam An                  | Cam An                  | 56            | Xã      | Khánh Hoà
 22480 | Nam Cam Ranh            | Nam Cam Ranh            | 56            | Xã      | Khánh Hoà
 22489 | Vạn Ninh                | Van Ninh                | 56            | Xã      | Khánh Hoà
 22498 | Tu Bông                 | Tu Bong                 | 56            | Xã      | Khánh Hoà
 22504 | Đại Lãnh                | Dai Lanh                | 56            | Xã      | Khánh Hoà
 22516 | Vạn Thắng               | Van Thang               | 56            | Xã      | Khánh Hoà
 22525 | Vạn Hưng                | Van Hung                | 56            | Xã      | Khánh Hoà
 22528 | Ninh Hoà                | Ninh Hoa                | 56            | Phường  | Khánh Hoà
 22546 | Bắc Ninh Hoà            | Bac Ninh Hoa            | 56            | Xã      | Khánh Hoà
 22552 | Tây Ninh Hoà            | Tay Ninh Hoa            | 56            | Xã      | Khánh Hoà
 22558 | Hoà Trí                 | Hoa Tri                 | 56            | Xã      | Khánh Hoà
 22561 | Đông Ninh Hoà           | Dong Ninh Hoa           | 56            | Phường  | Khánh Hoà
 22576 | Tân Định                | Tan Dinh                | 56            | Xã      | Khánh Hoà
 22591 | Hoà Thắng               | Hoa Thang               | 56            | Phường  | Khánh Hoà
 22597 | Nam Ninh Hoà            | Nam Ninh Hoa            | 56            | Xã      | Khánh Hoà
 22609 | Khánh Vĩnh              | Khanh Vinh              | 56            | Xã      | Khánh Hoà
 22612 | Trung Khánh Vĩnh        | Trung Khanh Vinh        | 56            | Xã      | Khánh Hoà
 22615 | Bắc Khánh Vĩnh          | Bac Khanh Vinh          | 56            | Xã      | Khánh Hoà
 22624 | Tây Khánh Vĩnh          | Tay Khanh Vinh          | 56            | Xã      | Khánh Hoà
 22648 | Nam Khánh Vĩnh          | Nam Khanh Vinh          | 56            | Xã      | Khánh Hoà
 22651 | Diên Khánh              | Dien Khanh              | 56            | Xã      | Khánh Hoà
 22657 | Diên Điền               | Dien Dien               | 56            | Xã      | Khánh Hoà
 22660 | Diên Lâm                | Dien Lam                | 56            | Xã      | Khánh Hoà
 22672 | Diên Thọ                | Dien Tho                | 56            | Xã      | Khánh Hoà
 22678 | Diên Lạc                | Dien Lac                | 56            | Xã      | Khánh Hoà
 22702 | Suối Hiệp               | Suoi Hiep               | 56            | Xã      | Khánh Hoà
 22708 | Suối Dầu                | Suoi Dau                | 56            | Xã      | Khánh Hoà
 22714 | Khánh Sơn               | Khanh Son               | 56            | Xã      | Khánh Hoà
 22720 | Tây Khánh Sơn           | Tay Khanh Son           | 56            | Xã      | Khánh Hoà
 22732 | Đông Khánh Sơn          | Dong Khanh Son          | 56            | Xã      | Khánh Hoà
 22736 | Trường Sa               | Spratly                 | 56            | Đặc khu | Khánh Hoà
 22738 | Đô Vinh                 | Do Vinh                 | 56            | Phường  | Khánh Hoà
 22741 | Bảo An                  | Bao An                  | 56            | Phường  | Khánh Hoà
 22759 | Phan Rang               | Phan Rang               | 56            | Phường  | Khánh Hoà
 22780 | Đông Hải                | Dong Hai                | 56            | Phường  | Khánh Hoà
 22786 | Bác Ái Tây              | Bac Ai Tay              | 56            | Xã      | Khánh Hoà
 22795 | Bác Ái                  | Bac Ai                  | 56            | Xã      | Khánh Hoà
 22801 | Bác Ái Đông             | Bac Ai Dong             | 56            | Xã      | Khánh Hoà
 22810 | Ninh Sơn                | Ninh Son                | 56            | Xã      | Khánh Hoà
 22813 | Lâm Sơn                 | Lam Son                 | 56            | Xã      | Khánh Hoà
 22822 | Mỹ Sơn                  | My Son                  | 56            | Xã      | Khánh Hoà
 22828 | Anh Dũng                | Anh Dung                | 56            | Xã      | Khánh Hoà
 22834 | Ninh Chử                | Ninh Chu                | 56            | Phường  | Khánh Hoà
 22840 | Công Hải                | Cong Hai                | 56            | Xã      | Khánh Hoà
 22846 | Vĩnh Hải                | Vinh Hai                | 56            | Xã      | Khánh Hoà
 22849 | Thuận Bắc               | Thuan Bac               | 56            | Xã      | Khánh Hoà
 22852 | Ninh Hải                | Ninh Hai                | 56            | Xã      | Khánh Hoà
 22861 | Xuân Hải                | Xuan Hai                | 56            | Xã      | Khánh Hoà
 22870 | Ninh Phước              | Ninh Phuoc              | 56            | Xã      | Khánh Hoà
 22873 | Phước Hậu               | Phuoc Hau               | 56            | Xã      | Khánh Hoà
 22888 | Phước Dinh              | Phuoc Dinh              | 56            | Xã      | Khánh Hoà
 22891 | Phước Hữu               | Phuoc Huu               | 56            | Xã      | Khánh Hoà
 22897 | Thuận Nam               | Thuan Nam               | 56            | Xã      | Khánh Hoà
 22900 | Phước Hà                | Phuoc Ha                | 56            | Xã      | Khánh Hoà
 22909 | Cà Ná                   | Ca Na                   | 56            | Xã      | Khánh Hoà
 22015 | Tuy Hoà                 | Tuy Hoa                 | 66            | Phường  | Đắk Lắk
 22045 | Bình Kiến               | Binh Kien               | 66            | Phường  | Đắk Lắk
 22051 | Sông Cầu                | Song Cau                | 66            | Phường  | Đắk Lắk
 22057 | Xuân Lộc                | Xuan Loc                | 66            | Xã      | Đắk Lắk
 22060 | Xuân Cảnh               | Xuan Canh               | 66            | Xã      | Đắk Lắk
 22075 | Xuân Thọ                | Xuan Tho                | 66            | Xã      | Đắk Lắk
 22076 | Xuân Đài                | Xuan Dai                | 66            | Phường  | Đắk Lắk
 22081 | Đồng Xuân               | Dong Xuan               | 66            | Xã      | Đắk Lắk
 22090 | Xuân Lãnh               | Xuan Lanh               | 66            | Xã      | Đắk Lắk
 22096 | Phú Mỡ                  | Phu Mo                  | 66            | Xã      | Đắk Lắk
 22111 | Xuân Phước              | Xuan Phuoc              | 66            | Xã      | Đắk Lắk
 22114 | Tuy An Bắc              | Tuy An Bac              | 66            | Xã      | Đắk Lắk
 22120 | Tuy An Đông             | Tuy An Dong             | 66            | Xã      | Đắk Lắk
 22132 | Tuy An Tây              | Tuy An Tay              | 66            | Xã      | Đắk Lắk
 22147 | Ô Loan                  | O Loan                  | 66            | Xã      | Đắk Lắk
 22153 | Tuy An Nam              | Tuy An Nam              | 66            | Xã      | Đắk Lắk
 22165 | Sơn Hoà                 | Son Hoa                 | 66            | Xã      | Đắk Lắk
 22171 | Tây Sơn                 | Tay Son                 | 66            | Xã      | Đắk Lắk
 22177 | Vân Hoà                 | Van Hoa                 | 66            | Xã      | Đắk Lắk
 22192 | Suối Trai               | Suoi Trai               | 66            | Xã      | Đắk Lắk
 22207 | Sông Hinh               | Song Hinh               | 66            | Xã      | Đắk Lắk
 22222 | Đức Bình                | Duc Binh                | 66            | Xã      | Đắk Lắk
 22225 | Ea Bá                   | Ea Ba                   | 66            | Xã      | Đắk Lắk
 22237 | Ea Ly                   | Ea Ly                   | 66            | Xã      | Đắk Lắk
 22240 | Phú Yên                 | Phu Yen                 | 66            | Phường  | Đắk Lắk
 22250 | Sơn Thành               | Son Thanh               | 66            | Xã      | Đắk Lắk
 22255 | Tây Hoà                 | Tay Hoa                 | 66            | Xã      | Đắk Lắk
 22258 | Đông Hoà                | Dong Hoa                | 66            | Phường  | Đắk Lắk
 22261 | Hoà Hiệp                | Hoa Hiep                | 66            | Phường  | Đắk Lắk
 22276 | Hoà Thịnh               | Hoa Thinh               | 66            | Xã      | Đắk Lắk
 22285 | Hoà Mỹ                  | Hoa My                  | 66            | Xã      | Đắk Lắk
 22291 | Hoà Xuân                | Hoa Xuan                | 66            | Xã      | Đắk Lắk
 22303 | Phú Hoà 2               | Phu Hoa 2               | 66            | Xã      | Đắk Lắk
 22319 | Phú Hoà 1               | Phu Hoa 1               | 66            | Xã      | Đắk Lắk
 24121 | Tân Lập                 | Tan Lap                 | 66            | Phường  | Đắk Lắk
 24133 | Buôn Ma Thuột           | Buon Ma Thuot           | 66            | Phường  | Đắk Lắk
 24154 | Thành Nhất              | Thanh Nhat              | 66            | Phường  | Đắk Lắk
 24163 | Tân An                  | Tan An                  | 66            | Phường  | Đắk Lắk
 24169 | Ea Kao                  | Ea Kao                  | 66            | Phường  | Đắk Lắk
 24175 | Hoà Phú                 | Hoa Phu                 | 66            | Xã      | Đắk Lắk
 24181 | Ea Drăng                | Ea Drang                | 66            | Xã      | Đắk Lắk
 24184 | Ea H'Leo                | Ea H'Leo                | 66            | Xã      | Đắk Lắk
 24187 | Ea Hiao                 | Ea Hiao                 | 66            | Xã      | Đắk Lắk
 24193 | Ea Wy                   | Ea Wy                   | 66            | Xã      | Đắk Lắk
 24208 | Ea Khăl                 | Ea Khal                 | 66            | Xã      | Đắk Lắk
 24211 | Ea Súp                  | Ea Sup                  | 66            | Xã      | Đắk Lắk
 24214 | Ia Lốp                  | Ia Lop                  | 66            | Xã      | Đắk Lắk
 24217 | Ea Rốk                  | Ea Rok                  | 66            | Xã      | Đắk Lắk
 24221 | Ia Rvê                  | Ia Rve                  | 66            | Xã      | Đắk Lắk
 24229 | Ea Bung                 | Ea Bung                 | 66            | Xã      | Đắk Lắk
 24235 | Buôn Đôn                | Buon Don                | 66            | Xã      | Đắk Lắk
 24241 | Ea Wer                  | Ea Wer                  | 66            | Xã      | Đắk Lắk
 24250 | Ea Nuôl                 | Ea Nuol                 | 66            | Xã      | Đắk Lắk
 24259 | Quảng Phú               | Quang Phu               | 66            | Xã      | Đắk Lắk
 24265 | Ea Kiết                 | Ea Kiet                 | 66            | Xã      | Đắk Lắk
 24277 | Ea Tul                  | Ea Tul                  | 66            | Xã      | Đắk Lắk
 24280 | Cư M'gar                | Cu M'gar                | 66            | Xã      | Đắk Lắk
 24286 | Ea M'Droh               | Ea M'Droh               | 66            | Xã      | Đắk Lắk
 24301 | Cuôr Đăng               | Cuor Dang               | 66            | Xã      | Đắk Lắk
 24305 | Buôn Hồ                 | Buon Ho                 | 66            | Phường  | Đắk Lắk
 24310 | Krông Búk               | Krong Buk               | 66            | Xã      | Đắk Lắk
 24313 | Cư Pơng                 | Cu Pong                 | 66            | Xã      | Đắk Lắk
 24316 | Pơng Drang              | Pong Drang              | 66            | Xã      | Đắk Lắk
 24328 | Ea Drông                | Ea Drong                | 66            | Xã      | Đắk Lắk
 24340 | Cư Bao                  | Cu Bao                  | 66            | Phường  | Đắk Lắk
 24343 | Krông Năng              | Krong Nang              | 66            | Xã      | Đắk Lắk
 24346 | Dliê Ya                 | Dlie Ya                 | 66            | Xã      | Đắk Lắk
 24352 | Tam Giang               | Tam Giang               | 66            | Xã      | Đắk Lắk
 24364 | Phú Xuân                | Phu Xuan                | 66            | Xã      | Đắk Lắk
 24373 | Ea Kar                  | Ea Kar                  | 66            | Xã      | Đắk Lắk
 24376 | Ea Knốp                 | Ea Knop                 | 66            | Xã      | Đắk Lắk
 24400 | Ea Păl                  | Ea Pal                  | 66            | Xã      | Đắk Lắk
 24403 | Ea Ô                    | Ea O                    | 66            | Xã      | Đắk Lắk
 24406 | Cư Yang                 | Cu Yang                 | 66            | Xã      | Đắk Lắk
 24412 | M'Drắk                  | M'Drak                  | 66            | Xã      | Đắk Lắk
 24415 | Cư Prao                 | Cu Prao                 | 66            | Xã      | Đắk Lắk
 24433 | Ea Riêng                | Ea Rieng                | 66            | Xã      | Đắk Lắk
 24436 | Cư M'ta                 | Cu M'ta                 | 66            | Xã      | Đắk Lắk
 24444 | Krông Á                 | Krong A                 | 66            | Xã      | Đắk Lắk
 24445 | Ea Trang                | Ea Trang                | 66            | Xã      | Đắk Lắk
 24448 | Krông Bông              | Krong Bong              | 66            | Xã      | Đắk Lắk
 24454 | Dang Kang               | Dang Kang               | 66            | Xã      | Đắk Lắk
 24472 | Hoà Sơn                 | Hoa Son                 | 66            | Xã      | Đắk Lắk
 24478 | Cư Pui                  | Cu Pui                  | 66            | Xã      | Đắk Lắk
 24484 | Yang Mao                | Yang Mao                | 66            | Xã      | Đắk Lắk
 24490 | Krông Pắc               | Krong Pac               | 66            | Xã      | Đắk Lắk
 24496 | Ea Kly                  | Ea Kly                  | 66            | Xã      | Đắk Lắk
 24502 | Ea Phê                  | Ea Phe                  | 66            | Xã      | Đắk Lắk
 24505 | Ea Knuếc                | Ea Knuec                | 66            | Xã      | Đắk Lắk
 24526 | Tân Tiến                | Tan Tien                | 66            | Xã      | Đắk Lắk
 24529 | Vụ Bổn                  | Vu Bon                  | 66            | Xã      | Đắk Lắk
 24538 | Krông Ana               | Krong Ana               | 66            | Xã      | Đắk Lắk
 24540 | Ea Ning                 | Ea Ning                 | 66            | Xã      | Đắk Lắk
 24544 | Ea Ktur                 | Ea Ktur                 | 66            | Xã      | Đắk Lắk
 24559 | Ea Na                   | Ea Na                   | 66            | Xã      | Đắk Lắk
 24561 | Dray Bhăng              | Dray Bhang              | 66            | Xã      | Đắk Lắk
 24568 | Dur Kmăl                | Dur Kmal                | 66            | Xã      | Đắk Lắk
 24580 | Liên Sơn Lắk            | Lien Son Lak            | 66            | Xã      | Đắk Lắk
 24595 | Đắk Liêng               | Dak Lieng               | 66            | Xã      | Đắk Lắk
 24598 | Đắk Phơi                | Dak Phoi                | 66            | Xã      | Đắk Lắk
 24604 | Krông Nô                | Krong No                | 66            | Xã      | Đắk Lắk
 24607 | Nam Ka                  | Nam Ka                  | 66            | Xã      | Đắk Lắk
 22918 | Mũi Né                  | Mui Ne                  | 68            | Phường  | Lâm Đồng
 22924 | Phú Thuỷ                | Phu Thuy                | 68            | Phường  | Lâm Đồng
 22933 | Hàm Thắng               | Ham Thang               | 68            | Phường  | Lâm Đồng
 22945 | Phan Thiết              | Phan Thiet              | 68            | Phường  | Lâm Đồng
 22954 | Tiến Thành              | Tien Thanh              | 68            | Phường  | Lâm Đồng
 22960 | Bình Thuận              | Binh Thuan              | 68            | Phường  | Lâm Đồng
 22963 | Tuyên Quang             | Tuyen Quang             | 68            | Xã      | Lâm Đồng
 22969 | Liên Hương              | Lien Huong              | 68            | Xã      | Lâm Đồng
 22972 | Phan Rí Cửa             | Phan Ri Cua             | 68            | Xã      | Lâm Đồng
 22978 | Tuy Phong               | Tuy Phong               | 68            | Xã      | Lâm Đồng
 22981 | Vĩnh Hảo                | Vinh Hao                | 68            | Xã      | Lâm Đồng
 23005 | Bắc Bình                | Bac Binh                | 68            | Xã      | Lâm Đồng
 23008 | Phan Sơn                | Phan Son                | 68            | Xã      | Lâm Đồng
 23020 | Hải Ninh                | Hai Ninh                | 68            | Xã      | Lâm Đồng
 23023 | Sông Luỹ                | Song Luy                | 68            | Xã      | Lâm Đồng
 23032 | Lương Sơn               | Luong Son               | 68            | Xã      | Lâm Đồng
 23041 | Hồng Thái               | Hong Thai               | 68            | Xã      | Lâm Đồng
 23053 | Hoà Thắng               | Hoa Thang               | 68            | Xã      | Lâm Đồng
 23059 | Hàm Thuận               | Ham Thuan               | 68            | Xã      | Lâm Đồng
 23065 | La Dạ                   | La Da                   | 68            | Xã      | Lâm Đồng
 23074 | Đông Giang              | Dong Giang              | 68            | Xã      | Lâm Đồng
 23086 | Hồng Sơn                | Hong Son                | 68            | Xã      | Lâm Đồng
 23089 | Hàm Thuận Bắc           | Ham Thuan Bac           | 68            | Xã      | Lâm Đồng
 23095 | Hàm Liêm                | Ham Liem                | 68            | Xã      | Lâm Đồng
 23110 | Hàm Thuận Nam           | Ham Thuan Nam           | 68            | Xã      | Lâm Đồng
 23122 | Hàm Thạnh               | Ham Thanh               | 68            | Xã      | Lâm Đồng
 23128 | Hàm Kiệm                | Ham Kiem                | 68            | Xã      | Lâm Đồng
 23134 | Tân Lập                 | Tan Lap                 | 68            | Xã      | Lâm Đồng
 23143 | Tân Thành               | Tan Thanh               | 68            | Xã      | Lâm Đồng
 23149 | Tánh Linh               | Tanh Linh               | 68            | Xã      | Lâm Đồng
 23152 | Bắc Ruộng               | Bac Ruong               | 68            | Xã      | Lâm Đồng
 23158 | Nghị Đức                | Nghi Duc                | 68            | Xã      | Lâm Đồng
 23173 | Đồng Kho                | Dong Kho                | 68            | Xã      | Lâm Đồng
 23188 | Suối Kiết               | Suoi Kiet               | 68            | Xã      | Lâm Đồng
 23191 | Đức Linh                | Duc Linh                | 68            | Xã      | Lâm Đồng
 23194 | Hoài Đức                | Hoai Duc                | 68            | Xã      | Lâm Đồng
 23200 | Nam Thành               | Nam Thanh               | 68            | Xã      | Lâm Đồng
 23227 | Trà Tân                 | Tra Tan                 | 68            | Xã      | Lâm Đồng
 23230 | Tân Minh                | Tan Minh                | 68            | Xã      | Lâm Đồng
 23231 | Phước Hội               | Phuoc Hoi               | 68            | Phường  | Lâm Đồng
 23235 | La Gi                   | La Gi                   | 68            | Phường  | Lâm Đồng
 23236 | Hàm Tân                 | Ham Tan                 | 68            | Xã      | Lâm Đồng
 23246 | Tân Hải                 | Tan Hai                 | 68            | Xã      | Lâm Đồng
 23266 | Sơn Mỹ                  | Son My                  | 68            | Xã      | Lâm Đồng
 23272 | Phú Quý                 | Phu Quy                 | 68            | Đặc khu | Lâm Đồng
 24611 | Bắc Gia Nghĩa           | Bac Gia Nghia           | 68            | Phường  | Lâm Đồng
 24615 | Nam Gia Nghĩa           | Nam Gia Nghia           | 68            | Phường  | Lâm Đồng
 24616 | Quảng Sơn               | Quang Son               | 68            | Xã      | Lâm Đồng
 24617 | Đông Gia Nghĩa          | Dong Gia Nghia          | 68            | Phường  | Lâm Đồng
 24620 | Quảng Hoà               | Quang Hoa               | 68            | Xã      | Lâm Đồng
 24631 | Quảng Khê               | Quang Khe               | 68            | Xã      | Lâm Đồng
 24637 | Tà Đùng                 | Ta Dung                 | 68            | Xã      | Lâm Đồng
 24640 | Cư Jút                  | Cu Jut                  | 68            | Xã      | Lâm Đồng
 24646 | Đắk Wil                 | Dak Wil                 | 68            | Xã      | Lâm Đồng
 24649 | Nam Dong                | Nam Dong                | 68            | Xã      | Lâm Đồng
 24664 | Đức Lập                 | Duc Lap                 | 68            | Xã      | Lâm Đồng
 24670 | Đắk Mil                 | Dak Mil                 | 68            | Xã      | Lâm Đồng
 24678 | Đắk Sắk                 | Dak Sak                 | 68            | Xã      | Lâm Đồng
 24682 | Thuận An                | Thuan An                | 68            | Xã      | Lâm Đồng
 24688 | Krông Nô                | Krong No                | 68            | Xã      | Lâm Đồng
 24697 | Nam Đà                  | Nam Da                  | 68            | Xã      | Lâm Đồng
 24703 | Nâm Nung                | Nam Nung                | 68            | Xã      | Lâm Đồng
 24712 | Quảng Phú               | Quang Phu               | 68            | Xã      | Lâm Đồng
 24717 | Đức An                  | Duc An                  | 68            | Xã      | Lâm Đồng
 24718 | Đắk Song                | Dak Song                | 68            | Xã      | Lâm Đồng
 24722 | Thuận Hạnh              | Thuan Hanh              | 68            | Xã      | Lâm Đồng
 24730 | Trường Xuân             | Truong Xuan             | 68            | Xã      | Lâm Đồng
 24733 | Kiến Đức                | Kien Duc                | 68            | Xã      | Lâm Đồng
 24736 | Quảng Trực              | Quang Truc              | 68            | Xã      | Lâm Đồng
 24739 | Tuy Đức                 | Tuy Duc                 | 68            | Xã      | Lâm Đồng
 24748 | Quảng Tân               | Quang Tan               | 68            | Xã      | Lâm Đồng
 24751 | Nhân Cơ                 | Nhan Co                 | 68            | Xã      | Lâm Đồng
 24760 | Quảng Tín               | Quang Tin               | 68            | Xã      | Lâm Đồng
 24778 | Lâm Viên - Đà Lạt       | Lam Vien - Da Lat       | 68            | Phường  | Lâm Đồng
 24781 | Xuân Hương - Đà Lạt     | Xuan Huong - Da Lat     | 68            | Phường  | Lâm Đồng
 24787 | Cam Ly - Đà Lạt         | Cam Ly - Da Lat         | 68            | Phường  | Lâm Đồng
 24805 | Xuân Trường - Đà Lạt    | Xuan Truong - Da Lat    | 68            | Phường  | Lâm Đồng
 24820 | 2 Bảo Lộc               | 2 Bao Loc               | 68            | Phường  | Lâm Đồng
 24823 | 1 Bảo Lộc               | 1 Bao Loc               | 68            | Phường  | Lâm Đồng
 24829 | B'Lao                   | B'Lao                   | 68            | Phường  | Lâm Đồng
 24841 | 3 Bảo Lộc               | 3 Bao Loc               | 68            | Phường  | Lâm Đồng
 24846 | Lang Biang - Đà Lạt     | Lang Biang - Da Lat     | 68            | Phường  | Lâm Đồng
 24848 | Lạc Dương               | Lac Duong               | 68            | Xã      | Lâm Đồng
 24853 | Đam Rông 4              | Dam Rong 4              | 68            | Xã      | Lâm Đồng
 24868 | Nam Ban Lâm Hà          | Nam Ban Lam Ha          | 68            | Xã      | Lâm Đồng
 24871 | Đinh Văn Lâm Hà         | Dinh Van Lam Ha         | 68            | Xã      | Lâm Đồng
 24875 | Đam Rông 3              | Dam Rong 3              | 68            | Xã      | Lâm Đồng
 24877 | Đam Rông 2              | Dam Rong 2              | 68            | Xã      | Lâm Đồng
 24883 | Nam Hà Lâm Hà           | Nam Ha Lam Ha           | 68            | Xã      | Lâm Đồng
 24886 | Đam Rông 1              | Dam Rong 1              | 68            | Xã      | Lâm Đồng
 24895 | Phú Sơn Lâm Hà          | Phu Son Lam Ha          | 68            | Xã      | Lâm Đồng
 24907 | Phúc Thọ Lâm Hà         | Phuc Tho Lam Ha         | 68            | Xã      | Lâm Đồng
 24916 | Tân Hà Lâm Hà           | Tan Ha Lam Ha           | 68            | Xã      | Lâm Đồng
 24931 | Đơn Dương               | Don Duong               | 68            | Xã      | Lâm Đồng
 24934 | D'Ran                   | D'Ran                   | 68            | Xã      | Lâm Đồng
 24943 | Ka Đô                   | Ka Do                   | 68            | Xã      | Lâm Đồng
 24955 | Quảng Lập               | Quang Lap               | 68            | Xã      | Lâm Đồng
 24958 | Đức Trọng               | Duc Trong               | 68            | Xã      | Lâm Đồng
 24967 | Hiệp Thạnh              | Hiep Thanh              | 68            | Xã      | Lâm Đồng
 24976 | Tân Hội                 | Tan Hoi                 | 68            | Xã      | Lâm Đồng
 24985 | Ninh Gia                | Ninh Gia                | 68            | Xã      | Lâm Đồng
 24988 | Tà Năng                 | Ta Nang                 | 68            | Xã      | Lâm Đồng
 24991 | Tà Hine                 | Ta Hine                 | 68            | Xã      | Lâm Đồng
 25000 | Di Linh                 | Di Linh                 | 68            | Xã      | Lâm Đồng
 25007 | Đinh Trang Thượng       | Dinh Trang Thuong       | 68            | Xã      | Lâm Đồng
 25015 | Gia Hiệp                | Gia Hiep                | 68            | Xã      | Lâm Đồng
 25018 | Bảo Thuận               | Bao Thuan               | 68            | Xã      | Lâm Đồng
 25036 | Hoà Ninh                | Hoa Ninh                | 68            | Xã      | Lâm Đồng
 25042 | Hoà Bắc                 | Hoa Bac                 | 68            | Xã      | Lâm Đồng
 25051 | Sơn Điền                | Son Dien                | 68            | Xã      | Lâm Đồng
 25054 | Bảo Lâm 1               | Bao Lam 1               | 68            | Xã      | Lâm Đồng
 25057 | Bảo Lâm 5               | Bao Lam 5               | 68            | Xã      | Lâm Đồng
 25063 | Bảo Lâm 4               | Bao Lam 4               | 68            | Xã      | Lâm Đồng
 25084 | Bảo Lâm 2               | Bao Lam 2               | 68            | Xã      | Lâm Đồng
 25093 | Bảo Lâm 3               | Bao Lam 3               | 68            | Xã      | Lâm Đồng
 25099 | Đạ Huoai                | Da Huoai                | 68            | Xã      | Lâm Đồng
 25105 | Đạ Huoai 2              | Da Huoai 2              | 68            | Xã      | Lâm Đồng
 25114 | Đạ Huoai 3              | Da Huoai 3              | 68            | Xã      | Lâm Đồng
 25126 | Đạ Tẻh                  | Da Teh                  | 68            | Xã      | Lâm Đồng
 25135 | Đạ Tẻh 3                | Da Teh 3                | 68            | Xã      | Lâm Đồng
 25138 | Đạ Tẻh 2                | Da Teh 2                | 68            | Xã      | Lâm Đồng
 25159 | Cát Tiên                | Cat Tien                | 68            | Xã      | Lâm Đồng
 25162 | Cát Tiên 3              | Cat Tien 3              | 68            | Xã      | Lâm Đồng
 25180 | Cát Tiên 2              | Cat Tien 2              | 68            | Xã      | Lâm Đồng
 25195 | Bình Phước              | Binh Phuoc              | 75            | Phường  | Đồng Nai
 25210 | Đồng Xoài               | Dong Xoai               | 75            | Phường  | Đồng Nai
 25217 | Phước Long              | Phuoc Long              | 75            | Phường  | Đồng Nai
 25220 | Phước Bình              | Phuoc Binh              | 75            | Phường  | Đồng Nai
 25222 | Bù Gia Mập              | Bu Gia Map              | 75            | Xã      | Đồng Nai
 25225 | Đăk Ơ                   | Dak O                   | 75            | Xã      | Đồng Nai
 25231 | Đa Kia                  | Da Kia                  | 75            | Xã      | Đồng Nai
 25246 | Bình Tân                | Binh Tan                | 75            | Xã      | Đồng Nai
 25252 | Phú Riềng               | Phu Rieng               | 75            | Xã      | Đồng Nai
 25255 | Long Hà                 | Long Ha                 | 75            | Xã      | Đồng Nai
 25261 | Phú Trung               | Phu Trung               | 75            | Xã      | Đồng Nai
 25267 | Phú Nghĩa               | Phu Nghia               | 75            | Xã      | Đồng Nai
 25270 | Lộc Ninh                | Loc Ninh                | 75            | Phường  | Đồng Nai
 25279 | Lộc Tấn                 | Loc Tan                 | 75            | Xã      | Đồng Nai
 25280 | Lộc Thạnh               | Loc Thanh               | 75            | Xã      | Đồng Nai
 25292 | Lộc Quang               | Loc Quang               | 75            | Xã      | Đồng Nai
 25294 | Lộc Thành               | Loc Thanh               | 75            | Xã      | Đồng Nai
 25303 | Lộc Hưng                | Loc Hung                | 75            | Xã      | Đồng Nai
 25308 | Thiện Hưng              | Thien Hung              | 75            | Xã      | Đồng Nai
 25309 | Hưng Phước              | Hung Phuoc              | 75            | Xã      | Đồng Nai
 25318 | Tân Tiến                | Tan Tien                | 75            | Xã      | Đồng Nai
 25326 | Bình Long               | Binh Long               | 75            | Phường  | Đồng Nai
 25333 | An Lộc                  | An Loc                  | 75            | Phường  | Đồng Nai
 25345 | Tân Hưng                | Tan Hung                | 75            | Xã      | Đồng Nai
 25349 | Minh Đức                | Minh Duc                | 75            | Xã      | Đồng Nai
 25351 | Tân Quan                | Tan Quan                | 75            | Xã      | Đồng Nai
 25357 | Tân Khai                | Tan Khai                | 75            | Phường  | Đồng Nai
 25363 | Đồng Phú                | Dong Phu                | 75            | Phường  | Đồng Nai
 25378 | Tân Lợi                 | Tan Loi                 | 75            | Xã      | Đồng Nai
 25387 | Thuận Lợi               | Thuan Loi               | 75            | Xã      | Đồng Nai
 25390 | Đồng Tâm                | Dong Tam                | 75            | Xã      | Đồng Nai
 25396 | Bù Đăng                 | Bu Dang                 | 75            | Xã      | Đồng Nai
 25399 | Đak Nhau                | Dak Nhau                | 75            | Xã      | Đồng Nai
 25402 | Thọ Sơn                 | Tho Son                 | 75            | Xã      | Đồng Nai
 25405 | Bom Bo                  | Bom Bo                  | 75            | Xã      | Đồng Nai
 25417 | Nghĩa Trung             | Nghia Trung             | 75            | Xã      | Đồng Nai
 25420 | Phước Sơn               | Phuoc Son               | 75            | Xã      | Đồng Nai
 25432 | Chơn Thành              | Chon Thanh              | 75            | Phường  | Đồng Nai
 25441 | Minh Hưng               | Minh Hung               | 75            | Phường  | Đồng Nai
 25450 | Nha Bích                | Nha Bich                | 75            | Xã      | Đồng Nai
 25993 | Trảng Dài               | Trang Dai               | 75            | Phường  | Đồng Nai
 26005 | Hố Nai                  | Ho Nai                  | 75            | Phường  | Đồng Nai
 26017 | Tam Hiệp                | Tam Hiep                | 75            | Phường  | Đồng Nai
 26020 | Long Bình               | Long Binh               | 75            | Phường  | Đồng Nai
 26041 | Trấn Biên               | Tran Bien               | 75            | Phường  | Đồng Nai
 26068 | Biên Hoà                | Bien Hoa                | 75            | Phường  | Đồng Nai
 26080 | Long Khánh              | Long Khanh              | 75            | Phường  | Đồng Nai
 26089 | Bình Lộc                | Binh Loc                | 75            | Phường  | Đồng Nai
 26098 | Bảo Vinh                | Bao Vinh                | 75            | Phường  | Đồng Nai
 26104 | Xuân Lập                | Xuan Lap                | 75            | Phường  | Đồng Nai
 26113 | Hàng Gòn                | Hang Gon                | 75            | Phường  | Đồng Nai
 26116 | Tân Phú                 | Tan Phu                 | 75            | Phường  | Đồng Nai
 26119 | Đak Lua                 | Dak Lua                 | 75            | Xã      | Đồng Nai
 26122 | Nam Cát Tiên            | Nam Cat Tien            | 75            | Xã      | Đồng Nai
 26134 | Tà Lài                  | Ta Lai                  | 75            | Xã      | Đồng Nai
 26158 | Phú Lâm                 | Phu Lam                 | 75            | Xã      | Đồng Nai
 26170 | Trị An                  | Tri An                  | 75            | Phường  | Đồng Nai
 26173 | Phú Lý                  | Phu Ly                  | 75            | Xã      | Đồng Nai
 26179 | Tân An                  | Tan An                  | 75            | Xã      | Đồng Nai
 26188 | Tân Triều               | Tan Trieu               | 75            | Phường  | Đồng Nai
 26206 | Định Quán               | Dinh Quan               | 75            | Xã      | Đồng Nai
 26209 | Thanh Sơn               | Thanh Son               | 75            | Xã      | Đồng Nai
 26215 | Phú Vinh                | Phu Vinh                | 75            | Xã      | Đồng Nai
 26221 | Phú Hoà                 | Phu Hoa                 | 75            | Xã      | Đồng Nai
 26227 | La Ngà                  | La Nga                  | 75            | Xã      | Đồng Nai
 26248 | Trảng Bom               | Trang Bom               | 75            | Phường  | Đồng Nai
 26254 | Bàu Hàm                 | Bau Ham                 | 75            | Xã      | Đồng Nai
 26278 | Bình Minh               | Binh Minh               | 75            | Xã      | Đồng Nai
 26281 | Hưng Thịnh              | Hung Thinh              | 75            | Xã      | Đồng Nai
 26296 | An Viễn                 | An Vien                 | 75            | Xã      | Đồng Nai
 26299 | Thống Nhất              | Thong Nhat              | 75            | Xã      | Đồng Nai
 26311 | Gia Kiệm                | Gia Kiem                | 75            | Xã      | Đồng Nai
 26326 | Dầu Giây                | Dau Giay                | 75            | Phường  | Đồng Nai
 26332 | Xuân Quế                | Xuan Que                | 75            | Xã      | Đồng Nai
 26341 | Cẩm Mỹ                  | Cam My                  | 75            | Xã      | Đồng Nai
 26347 | Xuân Đường              | Xuan Duong              | 75            | Xã      | Đồng Nai
 26359 | Xuân Đông               | Xuan Dong               | 75            | Xã      | Đồng Nai
 26362 | Sông Ray                | Song Ray                | 75            | Xã      | Đồng Nai
 26368 | Long Thành              | Long Thanh              | 75            | Phường  | Đồng Nai
 26374 | Tam Phước               | Tam Phuoc               | 75            | Phường  | Đồng Nai
 26377 | Phước Tân               | Phuoc Tan               | 75            | Phường  | Đồng Nai
 26380 | Long Hưng               | Long Hung               | 75            | Phường  | Đồng Nai
 26383 | An Phước                | An Phuoc                | 75            | Xã      | Đồng Nai
 26389 | Bình An                 | Binh An                 | 75            | Xã      | Đồng Nai
 26413 | Long Phước              | Long Phuoc              | 75            | Xã      | Đồng Nai
 26422 | Phước Thái              | Phuoc Thai              | 75            | Xã      | Đồng Nai
 26425 | Xuân Lộc                | Xuan Loc                | 75            | Phường  | Đồng Nai
 26428 | Xuân Bắc                | Xuan Bac                | 75            | Xã      | Đồng Nai
 26434 | Xuân Thành              | Xuan Thanh              | 75            | Xã      | Đồng Nai
 26446 | Xuân Hoà                | Xuan Hoa                | 75            | Xã      | Đồng Nai
 26458 | Xuân Phú                | Xuan Phu                | 75            | Xã      | Đồng Nai
 26461 | Xuân Định               | Xuan Dinh               | 75            | Xã      | Đồng Nai
 26485 | Nhơn Trạch              | Nhon Trach              | 75            | Phường  | Đồng Nai
 26491 | Đại Phước               | Dai Phuoc               | 75            | Xã      | Đồng Nai
 26503 | Phước An                | Phuoc An                | 75            | Xã      | Đồng Nai
 25747 | Thủ Dầu Một             | Thu Dau Mot             | 79            | Phường  | Hồ Chí Minh
 25750 | Phú Lợi                 | Phu Loi                 | 79            | Phường  | Hồ Chí Minh
 25760 | Bình Dương              | Binh Duong              | 79            | Phường  | Hồ Chí Minh
 25768 | Phú An                  | Phu An                  | 79            | Phường  | Hồ Chí Minh
 25771 | Chánh Hiệp              | Chanh Hiep              | 79            | Phường  | Hồ Chí Minh
 25777 | Dầu Tiếng               | Dau Tieng               | 79            | Xã      | Hồ Chí Minh
 25780 | Minh Thạnh              | Minh Thanh              | 79            | Xã      | Hồ Chí Minh
 25792 | Long Hoà                | Long Hoa                | 79            | Xã      | Hồ Chí Minh
 25807 | Thanh An                | Thanh An                | 79            | Xã      | Hồ Chí Minh
 25813 | Bến Cát                 | Ben Cat                 | 79            | Phường  | Hồ Chí Minh
 25819 | Trừ Văn Thố             | Tru Van Tho             | 79            | Xã      | Hồ Chí Minh
 25822 | Bàu Bàng                | Bau Bang                | 79            | Xã      | Hồ Chí Minh
 25837 | Chánh Phú Hoà           | Chanh Phu Hoa           | 79            | Phường  | Hồ Chí Minh
 25840 | Long Nguyên             | Long Nguyen             | 79            | Phường  | Hồ Chí Minh
 25843 | Tây Nam                 | Tay Nam                 | 79            | Phường  | Hồ Chí Minh
 25846 | Thới Hoà                | Thoi Hoa                | 79            | Phường  | Hồ Chí Minh
 25849 | Hoà Lợi                 | Hoa Loi                 | 79            | Phường  | Hồ Chí Minh
 25858 | Phú Giáo                | Phu Giao                | 79            | Xã      | Hồ Chí Minh
 25864 | Phước Thành             | Phuoc Thanh             | 79            | Xã      | Hồ Chí Minh
 25867 | An Long                 | An Long                 | 79            | Xã      | Hồ Chí Minh
 25882 | Phước Hoà               | Phuoc Hoa               | 79            | Xã      | Hồ Chí Minh
 25888 | Tân Uyên                | Tan Uyen                | 79            | Phường  | Hồ Chí Minh
 25891 | Tân Khánh               | Tan Khanh               | 79            | Phường  | Hồ Chí Minh
 25906 | Bắc Tân Uyên            | Bac Tan Uyen            | 79            | Xã      | Hồ Chí Minh
 25909 | Thường Tân              | Thuong Tan              | 79            | Xã      | Hồ Chí Minh
 25912 | Vĩnh Tân                | Vinh Tan                | 79            | Phường  | Hồ Chí Minh
 25915 | Bình Cơ                 | Binh Co                 | 79            | Phường  | Hồ Chí Minh
 25920 | Tân Hiệp                | Tan Hiep                | 79            | Phường  | Hồ Chí Minh
 25942 | Dĩ An                   | Di An                   | 79            | Phường  | Hồ Chí Minh
 25945 | Tân Đông Hiệp           | Tan Dong Hiep           | 79            | Phường  | Hồ Chí Minh
 25951 | Đông Hoà                | Dong Hoa                | 79            | Phường  | Hồ Chí Minh
 25966 | Lái Thiêu               | Lai Thieu               | 79            | Phường  | Hồ Chí Minh
 25969 | Thuận Giao              | Thuan Giao              | 79            | Phường  | Hồ Chí Minh
 25975 | An Phú                  | An Phu                  | 79            | Phường  | Hồ Chí Minh
 25978 | Thuận An                | Thuan An                | 79            | Phường  | Hồ Chí Minh
 25987 | Bình Hoà                | Binh Hoa                | 79            | Phường  | Hồ Chí Minh
 26506 | Vũng Tàu                | Vung Tau                | 79            | Phường  | Hồ Chí Minh
 26526 | Tam Thắng               | Tam Thang               | 79            | Phường  | Hồ Chí Minh
 26536 | Rạch Dừa                | Rach Dua                | 79            | Phường  | Hồ Chí Minh
 26542 | Phước Thắng             | Phuoc Thang             | 79            | Phường  | Hồ Chí Minh
 26545 | Long Sơn                | Long Son                | 79            | Xã      | Hồ Chí Minh
 26560 | Bà Rịa                  | Ba Ria                  | 79            | Phường  | Hồ Chí Minh
 26566 | Long Hương              | Long Huong              | 79            | Phường  | Hồ Chí Minh
 26572 | Tam Long                | Tam Long                | 79            | Phường  | Hồ Chí Minh
 26575 | Ngãi Giao               | Ngai Giao               | 79            | Xã      | Hồ Chí Minh
 26584 | Xuân Sơn                | Xuan Son                | 79            | Xã      | Hồ Chí Minh
 26590 | Bình Giã                | Binh Gia                | 79            | Xã      | Hồ Chí Minh
 26596 | Châu Đức                | Chau Duc                | 79            | Xã      | Hồ Chí Minh
 26608 | Kim Long                | Kim Long                | 79            | Xã      | Hồ Chí Minh
 26617 | Nghĩa Thành             | Nghia Thanh             | 79            | Xã      | Hồ Chí Minh
 26620 | Hồ Tràm                 | Ho Tram                 | 79            | Xã      | Hồ Chí Minh
 26632 | Xuyên Mộc               | Xuyen Moc               | 79            | Xã      | Hồ Chí Minh
 26638 | Bàu Lâm                 | Bau Lam                 | 79            | Xã      | Hồ Chí Minh
 26641 | Hoà Hội                 | Hoa Hoi                 | 79            | Xã      | Hồ Chí Minh
 26647 | Hoà Hiệp                | Hoa Hiep                | 79            | Xã      | Hồ Chí Minh
 26656 | Bình Châu               | Binh Chau               | 79            | Xã      | Hồ Chí Minh
 26659 | Long Điền               | Long Dien               | 79            | Xã      | Hồ Chí Minh
 26662 | Long Hải                | Long Hai                | 79            | Xã      | Hồ Chí Minh
 26680 | Đất Đỏ                  | Dat Do                  | 79            | Xã      | Hồ Chí Minh
 26686 | Phước Hải               | Phuoc Hai               | 79            | Xã      | Hồ Chí Minh
 26704 | Phú Mỹ                  | Phu My                  | 79            | Phường  | Hồ Chí Minh
 26710 | Tân Hải                 | Tan Hai                 | 79            | Phường  | Hồ Chí Minh
 26713 | Tân Phước               | Tan Phuoc               | 79            | Phường  | Hồ Chí Minh
 26725 | Tân Thành               | Tan Thanh               | 79            | Phường  | Hồ Chí Minh
 26728 | Châu Pha                | Chau Pha                | 79            | Xã      | Hồ Chí Minh
 26732 | Côn Đảo                 | Con Dao                 | 79            | Đặc khu | Hồ Chí Minh
 26737 | Tân Định                | Tan Dinh                | 79            | Phường  | Hồ Chí Minh
 26740 | Sài Gòn                 | Sai Gon                 | 79            | Phường  | Hồ Chí Minh
 26743 | Bến Thành               | Ben Thanh               | 79            | Phường  | Hồ Chí Minh
 26758 | Cầu Ông Lãnh            | Cau Ong Lanh            | 79            | Phường  | Hồ Chí Minh
 26767 | An Phú Đông             | An Phu Dong             | 79            | Phường  | Hồ Chí Minh
 26773 | Thới An                 | Thoi An                 | 79            | Phường  | Hồ Chí Minh
 26782 | Tân Thới Hiệp           | Tan Thoi Hiep           | 79            | Phường  | Hồ Chí Minh
 26785 | Trung Mỹ Tây            | Trung My Tay            | 79            | Phường  | Hồ Chí Minh
 26791 | Đông Hưng Thuận         | Dong Hung Thuan         | 79            | Phường  | Hồ Chí Minh
 26800 | Linh Xuân               | Linh Xuan               | 79            | Phường  | Hồ Chí Minh
 26803 | Tam Bình                | Tam Binh                | 79            | Phường  | Hồ Chí Minh
 26809 | Hiệp Bình               | Hiep Binh               | 79            | Phường  | Hồ Chí Minh
 26824 | Thủ Đức                 | Thu Duc                 | 79            | Phường  | Hồ Chí Minh
 26833 | Long Bình               | Long Binh               | 79            | Phường  | Hồ Chí Minh
 26842 | Tăng Nhơn Phú           | Tang Nhon Phu           | 79            | Phường  | Hồ Chí Minh
 26848 | Phước Long              | Phuoc Long              | 79            | Phường  | Hồ Chí Minh
 26857 | Long Phước              | Long Phuoc              | 79            | Phường  | Hồ Chí Minh
 26860 | Long Trường             | Long Truong             | 79            | Phường  | Hồ Chí Minh
 26876 | An Nhơn                 | An Nhon                 | 79            | Phường  | Hồ Chí Minh
 26878 | An Hội Đông             | An Hoi Dong             | 79            | Phường  | Hồ Chí Minh
 26882 | An Hội Tây              | An Hoi Tay              | 79            | Phường  | Hồ Chí Minh
 26884 | Gò Vấp                  | Go Vap                  | 79            | Phường  | Hồ Chí Minh
 26890 | Hạnh Thông              | Hanh Thong              | 79            | Phường  | Hồ Chí Minh
 26898 | Thông Tây Hội           | Thong Tay Hoi           | 79            | Phường  | Hồ Chí Minh
 26905 | Bình Lợi Trung          | Binh Loi Trung          | 79            | Phường  | Hồ Chí Minh
 26911 | Bình Quới               | Binh Quoi               | 79            | Phường  | Hồ Chí Minh
 26929 | Bình Thạnh              | Binh Thanh              | 79            | Phường  | Hồ Chí Minh
 26944 | Gia Định                | Gia Dinh                | 79            | Phường  | Hồ Chí Minh
 26956 | Thạnh Mỹ Tây            | Thanh My Tay            | 79            | Phường  | Hồ Chí Minh
 26968 | Tân Sơn Nhất            | Tan Son Nhat            | 79            | Phường  | Hồ Chí Minh
 26977 | Tân Sơn Hoà             | Tan Son Hoa             | 79            | Phường  | Hồ Chí Minh
 26983 | Bảy Hiền                | Bay Hien                | 79            | Phường  | Hồ Chí Minh
 26995 | Tân Hoà                 | Tan Hoa                 | 79            | Phường  | Hồ Chí Minh
 27004 | Tân Bình                | Tan Binh                | 79            | Phường  | Hồ Chí Minh
 27007 | Tân Sơn                 | Tan Son                 | 79            | Phường  | Hồ Chí Minh
 27013 | Tây Thạnh               | Tay Thanh               | 79            | Phường  | Hồ Chí Minh
 27019 | Tân Sơn Nhì             | Tan Son Nhi             | 79            | Phường  | Hồ Chí Minh
 27022 | Phú Thọ Hoà             | Phu Tho Hoa             | 79            | Phường  | Hồ Chí Minh
 27028 | Phú Thạnh               | Phu Thanh               | 79            | Phường  | Hồ Chí Minh
 27031 | Tân Phú                 | Tan Phu                 | 79            | Phường  | Hồ Chí Minh
 27043 | Đức Nhuận               | Duc Nhuan               | 79            | Phường  | Hồ Chí Minh
 27058 | Cầu Kiệu                | Cau Kieu                | 79            | Phường  | Hồ Chí Minh
 27073 | Phú Nhuận               | Phu Nhuan               | 79            | Phường  | Hồ Chí Minh
 27094 | An Khánh                | An Khanh                | 79            | Phường  | Hồ Chí Minh
 27097 | Bình Trưng              | Binh Trung              | 79            | Phường  | Hồ Chí Minh
 27112 | Cát Lái                 | Cat Lai                 | 79            | Phường  | Hồ Chí Minh
 27139 | Xuân Hoà                | Xuan Hoa                | 79            | Phường  | Hồ Chí Minh
 27142 | Nhiêu Lộc               | Nhieu Loc               | 79            | Phường  | Hồ Chí Minh
 27154 | Bàn Cờ                  | Ban Co                  | 79            | Phường  | Hồ Chí Minh
 27163 | Hoà Hưng                | Hoa Hung                | 79            | Phường  | Hồ Chí Minh
 27169 | Diên Hồng               | Dien Hong               | 79            | Phường  | Hồ Chí Minh
 27190 | Vườn Lài                | Vuon Lai                | 79            | Phường  | Hồ Chí Minh
 27211 | Hoà Bình                | Hoa Binh                | 79            | Phường  | Hồ Chí Minh
 27226 | Phú Thọ                 | Phu Tho                 | 79            | Phường  | Hồ Chí Minh
 27232 | Bình Thới               | Binh Thoi               | 79            | Phường  | Hồ Chí Minh
 27238 | Minh Phụng              | Minh Phung              | 79            | Phường  | Hồ Chí Minh
 27259 | Xóm Chiếu               | Xom Chieu               | 79            | Phường  | Hồ Chí Minh
 27265 | Khánh Hội               | Khanh Hoi               | 79            | Phường  | Hồ Chí Minh
 27286 | Vĩnh Hội                | Vinh Hoi                | 79            | Phường  | Hồ Chí Minh
 27301 | Chợ Quán                | Cho Quan                | 79            | Phường  | Hồ Chí Minh
 27316 | An Đông                 | An Dong                 | 79            | Phường  | Hồ Chí Minh
 27343 | Chợ Lớn                 | Cho Lon                 | 79            | Phường  | Hồ Chí Minh
 27349 | Phú Lâm                 | Phu Lam                 | 79            | Phường  | Hồ Chí Minh
 27364 | Bình Phú                | Binh Phu                | 79            | Phường  | Hồ Chí Minh
 27367 | Bình Tây                | Binh Tay                | 79            | Phường  | Hồ Chí Minh
 27373 | Bình Tiên               | Binh Tien               | 79            | Phường  | Hồ Chí Minh
 27418 | Chánh Hưng              | Chanh Hung              | 79            | Phường  | Hồ Chí Minh
 27424 | Bình Đông               | Binh Dong               | 79            | Phường  | Hồ Chí Minh
 27427 | Phú Định                | Phu Dinh                | 79            | Phường  | Hồ Chí Minh
 27439 | Bình Hưng Hoà           | Binh Hung Hoa           | 79            | Phường  | Hồ Chí Minh
 27442 | Bình Tân                | Binh Tan                | 79            | Phường  | Hồ Chí Minh
 27448 | Bình Trị Đông           | Binh Tri Dong           | 79            | Phường  | Hồ Chí Minh
 27457 | Tân Tạo                 | Tan Tao                 | 79            | Phường  | Hồ Chí Minh
 27460 | An Lạc                  | An Lac                  | 79            | Phường  | Hồ Chí Minh
 27475 | Tân Hưng                | Tan Hung                | 79            | Phường  | Hồ Chí Minh
 27478 | Tân Thuận               | Tan Thuan               | 79            | Phường  | Hồ Chí Minh
 27484 | Phú Thuận               | Phu Thuan               | 79            | Phường  | Hồ Chí Minh
 27487 | Tân Mỹ                  | Tan My                  | 79            | Phường  | Hồ Chí Minh
 27496 | Tân An Hội              | Tan An Hoi              | 79            | Xã      | Hồ Chí Minh
 27508 | An Nhơn Tây             | An Nhon Tay             | 79            | Xã      | Hồ Chí Minh
 27511 | Nhuận Đức               | Nhuan Duc               | 79            | Xã      | Hồ Chí Minh
 27526 | Thái Mỹ                 | Thai My                 | 79            | Xã      | Hồ Chí Minh
 27541 | Phú Hoà Đông            | Phu Hoa Dong            | 79            | Xã      | Hồ Chí Minh
 27544 | Bình Mỹ                 | Binh My                 | 79            | Xã      | Hồ Chí Minh
 27553 | Củ Chi                  | Cu Chi                  | 79            | Xã      | Hồ Chí Minh
 27559 | Hóc Môn                 | Hoc Mon                 | 79            | Xã      | Hồ Chí Minh
 27568 | Đông Thạnh              | Dong Thanh              | 79            | Xã      | Hồ Chí Minh
 27577 | Xuân Thới Sơn           | Xuan Thoi Son           | 79            | Xã      | Hồ Chí Minh
 27592 | Bà Điểm                 | Ba Diem                 | 79            | Xã      | Hồ Chí Minh
 27595 | Tân Nhựt                | Tan Nhut                | 79            | Xã      | Hồ Chí Minh
 27601 | Vĩnh Lộc                | Vinh Loc                | 79            | Xã      | Hồ Chí Minh
 27604 | Tân Vĩnh Lộc            | Tan Vinh Loc            | 79            | Xã      | Hồ Chí Minh
 27610 | Bình Lợi                | Binh Loi                | 79            | Xã      | Hồ Chí Minh
 27619 | Bình Hưng               | Binh Hung               | 79            | Xã      | Hồ Chí Minh
 27628 | Hưng Long               | Hung Long               | 79            | Xã      | Hồ Chí Minh
 27637 | Bình Chánh              | Binh Chanh              | 79            | Xã      | Hồ Chí Minh
 27655 | Nhà Bè                  | Nha Be                  | 79            | Xã      | Hồ Chí Minh
 27658 | Hiệp Phước              | Hiep Phuoc              | 79            | Xã      | Hồ Chí Minh
 27664 | Cần Giờ                 | Can Gio                 | 79            | Xã      | Hồ Chí Minh
 27667 | Bình Khánh              | Binh Khanh              | 79            | Xã      | Hồ Chí Minh
 27673 | An Thới Đông            | An Thoi Dong            | 79            | Xã      | Hồ Chí Minh
 27676 | Thạnh An                | Thanh An                | 79            | Xã      | Hồ Chí Minh
 25459 | Tân Ninh                | Tan Ninh                | 80            | Phường  | Tây Ninh
 25480 | Bình Minh               | Binh Minh               | 80            | Phường  | Tây Ninh
 25486 | Tân Biên                | Tan Bien                | 80            | Xã      | Tây Ninh
 25489 | Tân Lập                 | Tan Lap                 | 80            | Xã      | Tây Ninh
 25498 | Thạnh Bình              | Thanh Binh              | 80            | Xã      | Tây Ninh
 25510 | Trà Vong                | Tra Vong                | 80            | Xã      | Tây Ninh
 25516 | Tân Châu                | Tan Chau                | 80            | Xã      | Tây Ninh
 25522 | Tân Đông                | Tan Dong                | 80            | Xã      | Tây Ninh
 25525 | Tân Hội                 | Tan Hoi                 | 80            | Xã      | Tây Ninh
 25531 | Tân Hoà                 | Tan Hoa                 | 80            | Xã      | Tây Ninh
 25534 | Tân Thành               | Tan Thanh               | 80            | Xã      | Tây Ninh
 25549 | Tân Phú                 | Tan Phu                 | 80            | Xã      | Tây Ninh
 25552 | Dương Minh Châu         | Duong Minh Chau         | 80            | Xã      | Tây Ninh
 25567 | Ninh Thạnh              | Ninh Thanh              | 80            | Phường  | Tây Ninh
 25573 | Cầu Khởi                | Cau Khoi                | 80            | Xã      | Tây Ninh
 25579 | Lộc Ninh                | Loc Ninh                | 80            | Xã      | Tây Ninh
 25585 | Châu Thành              | Chau Thanh              | 80            | Xã      | Tây Ninh
 25588 | Hảo Đước                | Hao Duoc                | 80            | Xã      | Tây Ninh
 25591 | Phước Vinh              | Phuoc Vinh              | 80            | Xã      | Tây Ninh
 25606 | Hoà Hội                 | Hoa Hoi                 | 80            | Xã      | Tây Ninh
 25621 | Ninh Điền               | Ninh Dien               | 80            | Xã      | Tây Ninh
 25630 | Long Hoa                | Long Hoa                | 80            | Phường  | Tây Ninh
 25633 | Thanh Điền              | Thanh Dien              | 80            | Phường  | Tây Ninh
 25645 | Hoà Thành               | Hoa Thanh               | 80            | Phường  | Tây Ninh
 25654 | Gò Dầu                  | Go Dau                  | 80            | Phường  | Tây Ninh
 25657 | Thạnh Đức               | Thanh Duc               | 80            | Xã      | Tây Ninh
 25663 | Phước Thạnh             | Phuoc Thanh             | 80            | Xã      | Tây Ninh
 25666 | Truông Mít              | Truong Mit              | 80            | Xã      | Tây Ninh
 25672 | Gia Lộc                 | Gia Loc                 | 80            | Phường  | Tây Ninh
 25681 | Bến Cầu                 | Ben Cau                 | 80            | Xã      | Tây Ninh
 25684 | Long Chữ                | Long Chu                | 80            | Xã      | Tây Ninh
 25702 | Long Thuận              | Long Thuan              | 80            | Xã      | Tây Ninh
 25708 | Trảng Bàng              | Trang Bang              | 80            | Phường  | Tây Ninh
 25711 | Hưng Thuận              | Hung Thuan              | 80            | Xã      | Tây Ninh
 25729 | Phước Chỉ               | Phuoc Chi               | 80            | Xã      | Tây Ninh
 25732 | An Tịnh                 | An Tinh                 | 80            | Phường  | Tây Ninh
 27694 | Long An                 | Long An                 | 80            | Phường  | Tây Ninh
 27712 | Tân An                  | Tan An                  | 80            | Phường  | Tây Ninh
 27715 | Khánh Hậu               | Khanh Hau               | 80            | Phường  | Tây Ninh
 27721 | Tân Hưng                | Tan Hung                | 80            | Xã      | Tây Ninh
 27727 | Hưng Điền               | Hung Dien               | 80            | Xã      | Tây Ninh
 27736 | Vĩnh Thạnh              | Vinh Thanh              | 80            | Xã      | Tây Ninh
 27748 | Vĩnh Châu               | Vinh Chau               | 80            | Xã      | Tây Ninh
 27757 | Vĩnh Hưng               | Vinh Hung               | 80            | Xã      | Tây Ninh
 27763 | Khánh Hưng              | Khanh Hung              | 80            | Xã      | Tây Ninh
 27775 | Tuyên Bình              | Tuyen Binh              | 80            | Xã      | Tây Ninh
 27787 | Kiến Tường              | Kien Tuong              | 80            | Phường  | Tây Ninh
 27793 | Bình Hiệp               | Binh Hiep               | 80            | Xã      | Tây Ninh
 27811 | Bình Hoà                | Binh Hoa                | 80            | Xã      | Tây Ninh
 27817 | Tuyên Thạnh             | Tuyen Thanh             | 80            | Xã      | Tây Ninh
 27823 | Mộc Hoá                 | Moc Hoa                 | 80            | Xã      | Tây Ninh
 27826 | Tân Thạnh               | Tan Thanh               | 80            | Xã      | Tây Ninh
 27838 | Nhơn Hoà Lập            | Nhon Hoa Lap            | 80            | Xã      | Tây Ninh
 27841 | Hậu Thạnh               | Hau Thanh               | 80            | Xã      | Tây Ninh
 27856 | Nhơn Ninh               | Nhon Ninh               | 80            | Xã      | Tây Ninh
 27865 | Thạnh Hoá               | Thanh Hoa               | 80            | Xã      | Tây Ninh
 27868 | Bình Thành              | Binh Thanh              | 80            | Xã      | Tây Ninh
 27877 | Thạnh Phước             | Thanh Phuoc             | 80            | Xã      | Tây Ninh
 27889 | Tân Tây                 | Tan Tay                 | 80            | Xã      | Tây Ninh
 27898 | Đông Thành              | Dong Thanh              | 80            | Xã      | Tây Ninh
 27907 | Mỹ Quý                  | My Quy                  | 80            | Xã      | Tây Ninh
 27925 | Đức Huệ                 | Duc Hue                 | 80            | Xã      | Tây Ninh
 27931 | Hậu Nghĩa               | Hau Nghia               | 80            | Xã      | Tây Ninh
 27937 | Đức Hoà                 | Duc Hoa                 | 80            | Xã      | Tây Ninh
 27943 | An Ninh                 | An Ninh                 | 80            | Xã      | Tây Ninh
 27952 | Hiệp Hoà                | Hiep Hoa                | 80            | Xã      | Tây Ninh
 27964 | Đức Lập                 | Duc Lap                 | 80            | Xã      | Tây Ninh
 27976 | Mỹ Hạnh                 | My Hanh                 | 80            | Xã      | Tây Ninh
 27979 | Hoà Khánh               | Hoa Khanh               | 80            | Xã      | Tây Ninh
 27991 | Bến Lức                 | Ben Luc                 | 80            | Xã      | Tây Ninh
 27994 | Thạnh Lợi               | Thanh Loi               | 80            | Xã      | Tây Ninh
 28003 | Lương Hoà               | Luong Hoa               | 80            | Xã      | Tây Ninh
 28015 | Bình Đức                | Binh Duc                | 80            | Xã      | Tây Ninh
 28018 | Mỹ Yên                  | My Yen                  | 80            | Xã      | Tây Ninh
 28036 | Thủ Thừa                | Thu Thua                | 80            | Xã      | Tây Ninh
 28051 | Mỹ Thạnh                | My Thanh                | 80            | Xã      | Tây Ninh
 28066 | Mỹ An                   | My An                   | 80            | Xã      | Tây Ninh
 28072 | Tân Long                | Tan Long                | 80            | Xã      | Tây Ninh
 28075 | Tân Trụ                 | Tan Tru                 | 80            | Xã      | Tây Ninh
 28087 | Nhựt Tảo                | Nhut Tao                | 80            | Xã      | Tây Ninh
 28093 | Vàm Cỏ                  | Vam Co                  | 80            | Xã      | Tây Ninh
 28108 | Cần Đước                | Can Duoc                | 80            | Xã      | Tây Ninh
 28114 | Rạch Kiến               | Rach Kien               | 80            | Xã      | Tây Ninh
 28126 | Long Cang               | Long Cang               | 80            | Xã      | Tây Ninh
 28132 | Mỹ Lệ                   | My Le                   | 80            | Xã      | Tây Ninh
 28138 | Tân Lân                 | Tan Lan                 | 80            | Xã      | Tây Ninh
 28144 | Long Hựu                | Long Huu                | 80            | Xã      | Tây Ninh
 28159 | Cần Giuộc               | Can Giuoc               | 80            | Xã      | Tây Ninh
 28165 | Phước Lý                | Phuoc Ly                | 80            | Xã      | Tây Ninh
 28177 | Mỹ Lộc                  | My Loc                  | 80            | Xã      | Tây Ninh
 28201 | Phước Vĩnh Tây          | Phuoc Vinh Tay          | 80            | Xã      | Tây Ninh
 28207 | Tân Tập                 | Tan Tap                 | 80            | Xã      | Tây Ninh
 28210 | Tầm Vu                  | Tam Vu                  | 80            | Xã      | Tây Ninh
 28222 | Vĩnh Công               | Vinh Cong               | 80            | Xã      | Tây Ninh
 28225 | Thuận Mỹ                | Thuan My                | 80            | Xã      | Tây Ninh
 28243 | An Lục Long             | An Luc Long             | 80            | Xã      | Tây Ninh
 28249 | Đạo Thạnh               | Dao Thanh               | 82            | Phường  | Đồng Tháp
 28261 | Mỹ Tho                  | My Tho                  | 82            | Phường  | Đồng Tháp
 28270 | Thới Sơn                | Thoi Son                | 82            | Phường  | Đồng Tháp
 28273 | Mỹ Phong                | My Phong                | 82            | Phường  | Đồng Tháp
 28285 | Trung An                | Trung An                | 82            | Phường  | Đồng Tháp
 28297 | Long Thuận              | Long Thuan              | 82            | Phường  | Đồng Tháp
 28306 | Gò Công                 | Go Cong                 | 82            | Phường  | Đồng Tháp
 28315 | Bình Xuân               | Binh Xuan               | 82            | Phường  | Đồng Tháp
 28321 | Tân Phước 1             | Tan Phuoc 1             | 82            | Xã      | Đồng Tháp
 28327 | Tân Phước 2             | Tan Phuoc 2             | 82            | Xã      | Đồng Tháp
 28336 | Hưng Thạnh              | Hung Thanh              | 82            | Xã      | Đồng Tháp
 28345 | Tân Phước 3             | Tan Phuoc 3             | 82            | Xã      | Đồng Tháp
 28360 | Cái Bè                  | Cai Be                  | 82            | Xã      | Đồng Tháp
 28366 | Hậu Mỹ                  | Hau My                  | 82            | Xã      | Đồng Tháp
 28378 | Mỹ Thiện                | My Thien                | 82            | Xã      | Đồng Tháp
 28393 | Hội Cư                  | Hoi Cu                  | 82            | Xã      | Đồng Tháp
 28405 | Mỹ Đức Tây              | My Duc Tay              | 82            | Xã      | Đồng Tháp
 28414 | Mỹ Lợi                  | My Loi                  | 82            | Xã      | Đồng Tháp
 28426 | Thanh Hưng              | Thanh Hung              | 82            | Xã      | Đồng Tháp
 28429 | An Hữu                  | An Huu                  | 82            | Xã      | Đồng Tháp
 28435 | Mỹ Phước Tây            | My Phuoc Tay            | 82            | Phường  | Đồng Tháp
 28436 | Thanh Hoà               | Thanh Hoa               | 82            | Phường  | Đồng Tháp
 28439 | Cai Lậy                 | Cai Lay                 | 82            | Phường  | Đồng Tháp
 28444 | Thạnh Phú               | Thanh Phu               | 82            | Xã      | Đồng Tháp
 28456 | Mỹ Thành                | My Thanh                | 82            | Xã      | Đồng Tháp
 28468 | Tân Phú                 | Tan Phu                 | 82            | Xã      | Đồng Tháp
 28471 | Bình Phú                | Binh Phu                | 82            | Xã      | Đồng Tháp
 28477 | Nhị Quý                 | Nhi Quy                 | 82            | Phường  | Đồng Tháp
 28501 | Hiệp Đức                | Hiep Duc                | 82            | Xã      | Đồng Tháp
 28504 | Long Tiên               | Long Tien               | 82            | Xã      | Đồng Tháp
 28516 | Ngũ Hiệp                | Ngu Hiep                | 82            | Xã      | Đồng Tháp
 28519 | Châu Thành              | Chau Thanh              | 82            | Xã      | Đồng Tháp
 28525 | Tân Hương               | Tan Huong               | 82            | Xã      | Đồng Tháp
 28537 | Long Hưng               | Long Hung               | 82            | Xã      | Đồng Tháp
 28543 | Long Định               | Long Dinh               | 82            | Xã      | Đồng Tháp
 28564 | Bình Trưng              | Binh Trung              | 82            | Xã      | Đồng Tháp
 28576 | Vĩnh Kim                | Vinh Kim                | 82            | Xã      | Đồng Tháp
 28582 | Kim Sơn                 | Kim Son                 | 82            | Xã      | Đồng Tháp
 28594 | Chợ Gạo                 | Cho Gao                 | 82            | Xã      | Đồng Tháp
 28603 | Mỹ Tịnh An              | My Tinh An              | 82            | Xã      | Đồng Tháp
 28615 | Lương Hoà Lạc           | Luong Hoa Lac           | 82            | Xã      | Đồng Tháp
 28627 | Tân Thuận Bình          | Tan Thuan Binh          | 82            | Xã      | Đồng Tháp
 28633 | An Thạnh Thuỷ           | An Thanh Thuy           | 82            | Xã      | Đồng Tháp
 28648 | Bình Ninh               | Binh Ninh               | 82            | Xã      | Đồng Tháp
 28651 | Vĩnh Bình               | Vinh Binh               | 82            | Xã      | Đồng Tháp
 28660 | Đồng Sơn                | Dong Son                | 82            | Xã      | Đồng Tháp
 28663 | Phú Thành               | Phu Thanh               | 82            | Xã      | Đồng Tháp
 28678 | Vĩnh Hựu                | Vinh Huu                | 82            | Xã      | Đồng Tháp
 28687 | Long Bình               | Long Binh               | 82            | Xã      | Đồng Tháp
 28693 | Tân Thới                | Tan Thoi                | 82            | Xã      | Đồng Tháp
 28696 | Tân Phú Đông            | Tan Phu Dong            | 82            | Xã      | Đồng Tháp
 28702 | Tân Hoà                 | Tan Hoa                 | 82            | Xã      | Đồng Tháp
 28720 | Gia Thuận               | Gia Thuan               | 82            | Xã      | Đồng Tháp
 28723 | Tân Đông                | Tan Dong                | 82            | Xã      | Đồng Tháp
 28729 | Sơn Qui                 | Son Qui                 | 82            | Phường  | Đồng Tháp
 28738 | Tân Điền                | Tan Dien                | 82            | Xã      | Đồng Tháp
 28747 | Gò Công Đông            | Go Cong Dong            | 82            | Xã      | Đồng Tháp
 29869 | Cao Lãnh                | Cao Lanh                | 82            | Phường  | Đồng Tháp
 29884 | Mỹ Ngãi                 | My Ngai                 | 82            | Phường  | Đồng Tháp
 29888 | Mỹ Trà                  | My Tra                  | 82            | Phường  | Đồng Tháp
 29905 | Sa Đéc                  | Sa Dec                  | 82            | Phường  | Đồng Tháp
 29926 | Tân Hồng                | Tan Hong                | 82            | Xã      | Đồng Tháp
 29929 | Tân Hộ Cơ               | Tan Ho Co               | 82            | Xã      | Đồng Tháp
 29938 | Tân Thành               | Tan Thanh               | 82            | Xã      | Đồng Tháp
 29944 | An Phước                | An Phuoc                | 82            | Xã      | Đồng Tháp
 29954 | An Bình                 | An Binh                 | 82            | Phường  | Đồng Tháp
 29955 | Hồng Ngự                | Hong Ngu                | 82            | Phường  | Đồng Tháp
 29971 | Thường Phước            | Thuong Phuoc            | 82            | Xã      | Đồng Tháp
 29978 | Thường Lạc              | Thuong Lac              | 82            | Phường  | Đồng Tháp
 29983 | Long Khánh              | Long Khanh              | 82            | Xã      | Đồng Tháp
 29992 | Long Phú Thuận          | Long Phu Thuan          | 82            | Xã      | Đồng Tháp
 30001 | Tràm Chim               | Tram Chim               | 82            | Xã      | Đồng Tháp
 30010 | Tam Nông                | Tam Nong                | 82            | Xã      | Đồng Tháp
 30019 | An Hoà                  | An Hoa                  | 82            | Xã      | Đồng Tháp
 30025 | Phú Cường               | Phu Cuong               | 82            | Xã      | Đồng Tháp
 30028 | An Long                 | An Long                 | 82            | Xã      | Đồng Tháp
 30034 | Phú Thọ                 | Phu Tho                 | 82            | Xã      | Đồng Tháp
 30037 | Tháp Mười               | Thap Muoi               | 82            | Xã      | Đồng Tháp
 30043 | Phương Thịnh            | Phuong Thinh            | 82            | Xã      | Đồng Tháp
 30046 | Trường Xuân             | Truong Xuan             | 82            | Xã      | Đồng Tháp
 30055 | Mỹ Quí                  | My Qui                  | 82            | Xã      | Đồng Tháp
 30061 | Đốc Binh Kiều           | Doc Binh Kieu           | 82            | Xã      | Đồng Tháp
 30073 | Thanh Mỹ                | Thanh My                | 82            | Xã      | Đồng Tháp
 30076 | Mỹ Thọ                  | My Tho                  | 82            | Xã      | Đồng Tháp
 30085 | Ba Sao                  | Ba Sao                  | 82            | Xã      | Đồng Tháp
 30088 | Phong Mỹ                | Phong My                | 82            | Xã      | Đồng Tháp
 30112 | Mỹ Hiệp                 | My Hiep                 | 82            | Xã      | Đồng Tháp
 30118 | Bình Hàng Trung         | Binh Hang Trung         | 82            | Xã      | Đồng Tháp
 30130 | Thanh Bình              | Thanh Binh              | 82            | Xã      | Đồng Tháp
 30154 | Tân Long                | Tan Long                | 82            | Xã      | Đồng Tháp
 30157 | Tân Thạnh               | Tan Thanh               | 82            | Xã      | Đồng Tháp
 30163 | Bình Thành              | Binh Thanh              | 82            | Xã      | Đồng Tháp
 30169 | Lấp Vò                  | Lap Vo                  | 82            | Xã      | Đồng Tháp
 30178 | Mỹ An Hưng              | My An Hung              | 82            | Xã      | Đồng Tháp
 30184 | Tân Khánh Trung         | Tan Khanh Trung         | 82            | Xã      | Đồng Tháp
 30208 | Hoà Long                | Hoa Long                | 82            | Xã      | Đồng Tháp
 30214 | Tân Dương               | Tan Duong               | 82            | Xã      | Đồng Tháp
 30226 | Lai Vung                | Lai Vung                | 82            | Xã      | Đồng Tháp
 30235 | Phong Hoà               | Phong Hoa               | 82            | Xã      | Đồng Tháp
 30244 | Phú Hựu                 | Phu Huu                 | 82            | Xã      | Đồng Tháp
 30253 | Tân Nhuận Đông          | Tan Nhuan Dong          | 82            | Xã      | Đồng Tháp
 30259 | Tân Phú Trung           | Tan Phu Trung           | 82            | Xã      | Đồng Tháp
 28756 | Phú Khương              | Phu Khuong              | 86            | Phường  | Vĩnh Long
 28777 | An Hội                  | An Hoi                  | 86            | Phường  | Vĩnh Long
 28783 | Sơn Đông                | Son Dong                | 86            | Phường  | Vĩnh Long
 28789 | Bến Tre                 | Ben Tre                 | 86            | Phường  | Vĩnh Long
 28807 | Giao Long               | Giao Long               | 86            | Xã      | Vĩnh Long
 28810 | Phú Túc                 | Phu Tuc                 | 86            | Xã      | Vĩnh Long
 28840 | Tân Phú                 | Tan Phu                 | 86            | Xã      | Vĩnh Long
 28858 | Phú Tân                 | Phu Tan                 | 86            | Phường  | Vĩnh Long
 28861 | Tiên Thuỷ               | Tien Thuy               | 86            | Xã      | Vĩnh Long
 28870 | Chợ Lách                | Cho Lach                | 86            | Xã      | Vĩnh Long
 28879 | Phú Phụng               | Phu Phung               | 86            | Xã      | Vĩnh Long
 28894 | Vĩnh Thành              | Vinh Thanh              | 86            | Xã      | Vĩnh Long
 28901 | Hưng Khánh Trung        | Hung Khanh Trung        | 86            | Xã      | Vĩnh Long
 28903 | Mỏ Cày                  | Mo Cay                  | 86            | Xã      | Vĩnh Long
 28915 | Phước Mỹ Trung          | Phuoc My Trung          | 86            | Xã      | Vĩnh Long
 28921 | Tân Thành Bình          | Tan Thanh Binh          | 86            | Xã      | Vĩnh Long
 28945 | Đồng Khởi               | Dong Khoi               | 86            | Xã      | Vĩnh Long
 28948 | Nhuận Phú Tân           | Nhuan Phu Tan           | 86            | Xã      | Vĩnh Long
 28957 | An Định                 | An Dinh                 | 86            | Xã      | Vĩnh Long
 28969 | Thành Thới              | Thanh Thoi              | 86            | Xã      | Vĩnh Long
 28981 | Hương Mỹ                | Huong My                | 86            | Xã      | Vĩnh Long
 28984 | Giồng Trôm              | Giong Trom              | 86            | Xã      | Vĩnh Long
 28987 | Lương Hoà               | Luong Hoa               | 86            | Xã      | Vĩnh Long
 28993 | Lương Phú               | Luong Phu               | 86            | Xã      | Vĩnh Long
 28996 | Châu Hoà                | Chau Hoa                | 86            | Xã      | Vĩnh Long
 29020 | Phước Long              | Phuoc Long              | 86            | Xã      | Vĩnh Long
 29029 | Tân Hào                 | Tan Hao                 | 86            | Xã      | Vĩnh Long
 29044 | Hưng Nhượng             | Hung Nhuong             | 86            | Xã      | Vĩnh Long
 29050 | Bình Đại                | Binh Dai                | 86            | Xã      | Vĩnh Long
 29062 | Phú Thuận               | Phu Thuan               | 86            | Xã      | Vĩnh Long
 29077 | Lộc Thuận               | Loc Thuan               | 86            | Xã      | Vĩnh Long
 29083 | Châu Hưng               | Chau Hung               | 86            | Xã      | Vĩnh Long
 29089 | Thạnh Trị               | Thanh Tri               | 86            | Xã      | Vĩnh Long
 29104 | Thạnh Phước             | Thanh Phuoc             | 86            | Xã      | Vĩnh Long
 29107 | Thới Thuận              | Thoi Thuan              | 86            | Xã      | Vĩnh Long
 29110 | Ba Tri                  | Ba Tri                  | 86            | Xã      | Vĩnh Long
 29122 | Mỹ Chánh Hoà            | My Chanh Hoa            | 86            | Xã      | Vĩnh Long
 29125 | Bảo Thạnh               | Bao Thanh               | 86            | Xã      | Vĩnh Long
 29137 | Tân Xuân                | Tan Xuan                | 86            | Xã      | Vĩnh Long
 29143 | An Ngãi Trung           | An Ngai Trung           | 86            | Xã      | Vĩnh Long
 29158 | An Hiệp                 | An Hiep                 | 86            | Xã      | Vĩnh Long
 29167 | Tân Thuỷ                | Tan Thuy                | 86            | Xã      | Vĩnh Long
 29182 | Thạnh Phú               | Thanh Phu               | 86            | Xã      | Vĩnh Long
 29191 | Quới Điền               | Quoi Dien               | 86            | Xã      | Vĩnh Long
 29194 | Đại Điền                | Dai Dien                | 86            | Xã      | Vĩnh Long
 29221 | Thạnh Hải               | Thanh Hai               | 86            | Xã      | Vĩnh Long
 29224 | An Qui                  | An Qui                  | 86            | Xã      | Vĩnh Long
 29227 | Thạnh Phong             | Thanh Phong             | 86            | Xã      | Vĩnh Long
 29242 | Trà Vinh                | Tra Vinh                | 86            | Phường  | Vĩnh Long
 29254 | Nguyệt Hoá              | Nguyet Hoa              | 86            | Phường  | Vĩnh Long
 29263 | Long Đức                | Long Duc                | 86            | Phường  | Vĩnh Long
 29266 | Càng Long               | Cang Long               | 86            | Xã      | Vĩnh Long
 29275 | An Trường               | An Truong               | 86            | Xã      | Vĩnh Long
 29278 | Tân An                  | Tan An                  | 86            | Xã      | Vĩnh Long
 29287 | Bình Phú                | Binh Phu                | 86            | Xã      | Vĩnh Long
 29302 | Nhị Long                | Nhi Long                | 86            | Xã      | Vĩnh Long
 29308 | Cầu Kè                  | Cau Ke                  | 86            | Xã      | Vĩnh Long
 29317 | An Phú Tân              | An Phu Tan              | 86            | Xã      | Vĩnh Long
 29329 | Phong Thạnh             | Phong Thanh             | 86            | Xã      | Vĩnh Long
 29335 | Tam Ngãi                | Tam Ngai                | 86            | Xã      | Vĩnh Long
 29341 | Tiểu Cần                | Tieu Can                | 86            | Xã      | Vĩnh Long
 29362 | Hùng Hoà                | Hung Hoa                | 86            | Xã      | Vĩnh Long
 29365 | Tập Ngãi                | Tap Ngai                | 86            | Xã      | Vĩnh Long
 29371 | Tân Hoà                 | Tan Hoa                 | 86            | Xã      | Vĩnh Long
 29374 | Châu Thành              | Chau Thanh              | 86            | Xã      | Vĩnh Long
 29386 | Song Lộc                | Song Loc                | 86            | Xã      | Vĩnh Long
 29398 | Hoà Thuận               | Hoa Thuan               | 86            | Phường  | Vĩnh Long
 29407 | Hưng Mỹ                 | Hung My                 | 86            | Xã      | Vĩnh Long
 29410 | Hoà Minh                | Hoa Minh                | 86            | Xã      | Vĩnh Long
 29413 | Long Hoà                | Long Hoa                | 86            | Xã      | Vĩnh Long
 29416 | Cầu Ngang               | Cau Ngang               | 86            | Xã      | Vĩnh Long
 29419 | Mỹ Long                 | My Long                 | 86            | Xã      | Vĩnh Long
 29431 | Vinh Kim                | Vinh Kim                | 86            | Xã      | Vĩnh Long
 29446 | Nhị Trường              | Nhi Truong              | 86            | Xã      | Vĩnh Long
 29455 | Hiệp Mỹ                 | Hiep My                 | 86            | Xã      | Vĩnh Long
 29461 | Trà Cú                  | Tra Cu                  | 86            | Xã      | Vĩnh Long
 29467 | Tập Sơn                 | Tap Son                 | 86            | Xã      | Vĩnh Long
 29476 | Lưu Nghiệp Anh          | Luu Nghiep Anh          | 86            | Xã      | Vĩnh Long
 29489 | Hàm Giang               | Ham Giang               | 86            | Xã      | Vĩnh Long
 29491 | Đại An                  | Dai An                  | 86            | Xã      | Vĩnh Long
 29497 | Đôn Châu                | Don Chau                | 86            | Xã      | Vĩnh Long
 29506 | Long Hiệp               | Long Hiep               | 86            | Xã      | Vĩnh Long
 29512 | Duyên Hải               | Duyen Hai               | 86            | Phường  | Vĩnh Long
 29513 | Long Thành              | Long Thanh              | 86            | Xã      | Vĩnh Long
 29516 | Trường Long Hoà         | Truong Long Hoa         | 86            | Phường  | Vĩnh Long
 29518 | Long Hữu                | Long Huu                | 86            | Xã      | Vĩnh Long
 29530 | Ngũ Lạc                 | Ngu Lac                 | 86            | Xã      | Vĩnh Long
 29533 | Long Vĩnh               | Long Vinh               | 86            | Xã      | Vĩnh Long
 29536 | Đông Hải                | Dong Hai                | 86            | Xã      | Vĩnh Long
 29551 | Long Châu               | Long Chau               | 86            | Phường  | Vĩnh Long
 29557 | Phước Hậu               | Phuoc Hau               | 86            | Phường  | Vĩnh Long
 29566 | Tân Ngãi                | Tan Ngai                | 86            | Phường  | Vĩnh Long
 29584 | An Bình                 | An Binh                 | 86            | Xã      | Vĩnh Long
 29590 | Thanh Đức               | Thanh Duc               | 86            | Phường  | Vĩnh Long
 29593 | Tân Hạnh                | Tan Hanh                | 86            | Phường  | Vĩnh Long
 29602 | Long Hồ                 | Long Ho                 | 86            | Xã      | Vĩnh Long
 29611 | Phú Quới                | Phu Quoi                | 86            | Xã      | Vĩnh Long
 29623 | Nhơn Phú                | Nhon Phu                | 86            | Xã      | Vĩnh Long
 29638 | Bình Phước              | Binh Phuoc              | 86            | Xã      | Vĩnh Long
 29641 | Cái Nhum                | Cai Nhum                | 86            | Xã      | Vĩnh Long
 29653 | Tân Long Hội            | Tan Long Hoi            | 86            | Xã      | Vĩnh Long
 29659 | Trung Thành             | Trung Thanh             | 86            | Xã      | Vĩnh Long
 29668 | Quới An                 | Quoi An                 | 86            | Xã      | Vĩnh Long
 29677 | Quới Thiện              | Quoi Thien              | 86            | Xã      | Vĩnh Long
 29683 | Trung Hiệp              | Trung Hiep              | 86            | Xã      | Vĩnh Long
 29698 | Trung Ngãi              | Trung Ngai              | 86            | Xã      | Vĩnh Long
 29701 | Hiếu Phụng              | Hieu Phung              | 86            | Xã      | Vĩnh Long
 29713 | Hiếu Thành              | Hieu Thanh              | 86            | Xã      | Vĩnh Long
 29719 | Tam Bình                | Tam Binh                | 86            | Xã      | Vĩnh Long
 29728 | Cái Ngang               | Cai Ngang               | 86            | Xã      | Vĩnh Long
 29734 | Hoà Hiệp                | Hoa Hiep                | 86            | Xã      | Vĩnh Long
 29740 | Song Phú                | Song Phu                | 86            | Xã      | Vĩnh Long
 29767 | Ngãi Tứ                 | Ngai Tu                 | 86            | Xã      | Vĩnh Long
 29770 | Cái Vồn                 | Cai Von                 | 86            | Phường  | Vĩnh Long
 29771 | Bình Minh               | Binh Minh               | 86            | Phường  | Vĩnh Long
 29785 | Tân Lược                | Tan Luoc                | 86            | Xã      | Vĩnh Long
 29788 | Mỹ Thuận                | My Thuan                | 86            | Xã      | Vĩnh Long
 29800 | Tân Quới                | Tan Quoi                | 86            | Xã      | Vĩnh Long
 29812 | Đông Thành              | Dong Thanh              | 86            | Phường  | Vĩnh Long
 29821 | Trà Ôn                  | Tra On                  | 86            | Xã      | Vĩnh Long
 29830 | Hoà Bình                | Hoa Binh                | 86            | Xã      | Vĩnh Long
 29836 | Trà Côn                 | Tra Con                 | 86            | Xã      | Vĩnh Long
 29845 | Vĩnh Xuân               | Vinh Xuan               | 86            | Xã      | Vĩnh Long
 29857 | Lục Sĩ Thành            | Luc Si Thanh            | 86            | Xã      | Vĩnh Long
 30292 | Bình Đức                | Binh Duc                | 91            | Phường  | An Giang
 30301 | Mỹ Thới                 | My Thoi                 | 91            | Phường  | An Giang
 30307 | Long Xuyên              | Long Xuyen              | 91            | Phường  | An Giang
 30313 | Mỹ Hoà Hưng             | My Hoa Hung             | 91            | Xã      | An Giang
 30316 | Châu Đốc                | Chau Doc                | 91            | Phường  | An Giang
 30325 | Vĩnh Tế                 | Vinh Te                 | 91            | Phường  | An Giang
 30337 | An Phú                  | An Phu                  | 91            | Xã      | An Giang
 30341 | Khánh Bình              | Khanh Binh              | 91            | Xã      | An Giang
 30346 | Nhơn Hội                | Nhon Hoi                | 91            | Xã      | An Giang
 30352 | Phú Hữu                 | Phu Huu                 | 91            | Xã      | An Giang
 30367 | Vĩnh Hậu                | Vinh Hau                | 91            | Xã      | An Giang
 30376 | Tân Châu                | Tan Chau                | 91            | Phường  | An Giang
 30377 | Long Phú                | Long Phu                | 91            | Phường  | An Giang
 30385 | Vĩnh Xương              | Vinh Xuong              | 91            | Xã      | An Giang
 30388 | Tân An                  | Tan An                  | 91            | Xã      | An Giang
 30403 | Châu Phong              | Chau Phong              | 91            | Xã      | An Giang
 30406 | Phú Tân                 | Phu Tan                 | 91            | Xã      | An Giang
 30409 | Chợ Vàm                 | Cho Vam                 | 91            | Xã      | An Giang
 30421 | Phú Lâm                 | Phu Lam                 | 91            | Xã      | An Giang
 30430 | Hoà Lạc                 | Hoa Lac                 | 91            | Xã      | An Giang
 30436 | Phú An                  | Phu An                  | 91            | Xã      | An Giang
 30445 | Bình Thạnh Đông         | Binh Thanh Dong         | 91            | Xã      | An Giang
 30463 | Châu Phú                | Chau Phu                | 91            | Xã      | An Giang
 30469 | Mỹ Đức                  | My Duc                  | 91            | Xã      | An Giang
 30478 | Vĩnh Thạnh Trung        | Vinh Thanh Trung        | 91            | Xã      | An Giang
 30481 | Thạnh Mỹ Tây            | Thanh My Tay            | 91            | Xã      | An Giang
 30487 | Bình Mỹ                 | Binh My                 | 91            | Xã      | An Giang
 30502 | Thới Sơn                | Thoi Son                | 91            | Phường  | An Giang
 30505 | Chi Lăng                | Chi Lang                | 91            | Phường  | An Giang
 30520 | Tịnh Biên               | Tinh Bien               | 91            | Phường  | An Giang
 30526 | An Cư                   | An Cu                   | 91            | Xã      | An Giang
 30538 | Núi Cấm                 | Nui Cam                 | 91            | Xã      | An Giang
 30544 | Tri Tôn                 | Tri Ton                 | 91            | Xã      | An Giang
 30547 | Ba Chúc                 | Ba Chuc                 | 91            | Xã      | An Giang
 30568 | Vĩnh Gia                | Vinh Gia                | 91            | Xã      | An Giang
 30577 | Ô Lâm                   | O Lam                   | 91            | Xã      | An Giang
 30580 | Cô Tô                   | Co To                   | 91            | Xã      | An Giang
 30589 | An Châu                 | An Chau                 | 91            | Xã      | An Giang
 30595 | Cần Đăng                | Can Dang                | 91            | Xã      | An Giang
 30604 | Vĩnh An                 | Vinh An                 | 91            | Xã      | An Giang
 30607 | Bình Hoà                | Binh Hoa                | 91            | Xã      | An Giang
 30619 | Vĩnh Hanh               | Vinh Hanh               | 91            | Xã      | An Giang
 30628 | Chợ Mới                 | Cho Moi                 | 91            | Xã      | An Giang
 30631 | Long Điền               | Long Dien               | 91            | Xã      | An Giang
 30643 | Cù Lao Giêng            | Cu Lao Gieng            | 91            | Xã      | An Giang
 30658 | Nhơn Mỹ                 | Nhon My                 | 91            | Xã      | An Giang
 30664 | Long Kiến               | Long Kien               | 91            | Xã      | An Giang
 30673 | Hội An                  | Hoi An                  | 91            | Xã      | An Giang
 30682 | Thoại Sơn               | Thoai Son               | 91            | Xã      | An Giang
 30685 | Phú Hoà                 | Phu Hoa                 | 91            | Xã      | An Giang
 30688 | Óc Eo                   | Oc Eo                   | 91            | Xã      | An Giang
 30691 | Tây Phú                 | Tay Phu                 | 91            | Xã      | An Giang
 30697 | Vĩnh Trạch              | Vinh Trach              | 91            | Xã      | An Giang
 30709 | Định Mỹ                 | Dinh My                 | 91            | Xã      | An Giang
 30742 | Rạch Giá                | Rach Gia                | 91            | Phường  | An Giang
 30760 | Vĩnh Thông              | Vinh Thong              | 91            | Phường  | An Giang
 30766 | Tô Châu                 | To Chau                 | 91            | Phường  | An Giang
 30769 | Hà Tiên                 | Ha Tien                 | 91            | Phường  | An Giang
 30781 | Tiên Hải                | Tien Hai                | 91            | Xã      | An Giang
 30787 | Kiên Lương              | Kien Luong              | 91            | Xã      | An Giang
 30790 | Hoà Điền                | Hoa Dien                | 91            | Xã      | An Giang
 30793 | Vĩnh Điều               | Vinh Dieu               | 91            | Xã      | An Giang
 30796 | Giang Thành             | Giang Thanh             | 91            | Xã      | An Giang
 30811 | Sơn Hải                 | Son Hai                 | 91            | Xã      | An Giang
 30814 | Hòn Nghệ                | Hon Nghe                | 91            | Xã      | An Giang
 30817 | Hòn Đất                 | Hon Dat                 | 91            | Xã      | An Giang
 30823 | Bình Sơn                | Binh Son                | 91            | Xã      | An Giang
 30826 | Bình Giang              | Binh Giang              | 91            | Xã      | An Giang
 30835 | Sơn Kiên                | Son Kien                | 91            | Xã      | An Giang
 30838 | Mỹ Thuận                | My Thuan                | 91            | Xã      | An Giang
 30850 | Tân Hiệp                | Tan Hiep                | 91            | Xã      | An Giang
 30856 | Tân Hội                 | Tan Hoi                 | 91            | Xã      | An Giang
 30874 | Thạnh Đông              | Thanh Dong              | 91            | Xã      | An Giang
 30880 | Châu Thành              | Chau Thanh              | 91            | Xã      | An Giang
 30886 | Thạnh Lộc               | Thanh Loc               | 91            | Xã      | An Giang
 30898 | Bình An                 | Binh An                 | 91            | Xã      | An Giang
 30904 | Giồng Riềng             | Giong Rieng             | 91            | Xã      | An Giang
 30910 | Thạnh Hưng              | Thanh Hung              | 91            | Xã      | An Giang
 30928 | Ngọc Chúc               | Ngoc Chuc               | 91            | Xã      | An Giang
 30934 | Hoà Hưng                | Hoa Hung                | 91            | Xã      | An Giang
 30943 | Long Thạnh              | Long Thanh              | 91            | Xã      | An Giang
 30949 | Hoà Thuận               | Hoa Thuan               | 91            | Xã      | An Giang
 30952 | Gò Quao                 | Go Quao                 | 91            | Xã      | An Giang
 30958 | Định Hoà                | Dinh Hoa                | 91            | Xã      | An Giang
 30970 | Vĩnh Hoà Hưng           | Vinh Hoa Hung           | 91            | Xã      | An Giang
 30982 | Vĩnh Tuy                | Vinh Tuy                | 91            | Xã      | An Giang
 30985 | An Biên                 | An Bien                 | 91            | Xã      | An Giang
 30988 | Tây Yên                 | Tay Yen                 | 91            | Xã      | An Giang
 31006 | Đông Thái               | Dong Thai               | 91            | Xã      | An Giang
 31012 | Vĩnh Hoà                | Vinh Hoa                | 91            | Xã      | An Giang
 31018 | An Minh                 | An Minh                 | 91            | Xã      | An Giang
 31024 | Đông Hoà                | Dong Hoa                | 91            | Xã      | An Giang
 31027 | U Minh Thượng           | U Minh Thuong           | 91            | Xã      | An Giang
 31031 | Tân Thạnh               | Tan Thanh               | 91            | Xã      | An Giang
 31036 | Đông Hưng               | Dong Hung               | 91            | Xã      | An Giang
 31042 | Vân Khánh               | Van Khanh               | 91            | Xã      | An Giang
 31051 | Vĩnh Phong              | Vinh Phong              | 91            | Xã      | An Giang
 31064 | Vĩnh Bình               | Vinh Binh               | 91            | Xã      | An Giang
 31069 | Vĩnh Thuận              | Vinh Thuan              | 91            | Xã      | An Giang
 31078 | Phú Quốc                | Phu Quoc                | 91            | Đặc khu | An Giang
 31105 | Thổ Châu                | Tho Chau                | 91            | Đặc khu | An Giang
 31108 | Kiên Hải                | Kien Hai                | 91            | Đặc khu | An Giang
 31120 | Cái Khế                 | Cai Khe                 | 92            | Phường  | Cần Thơ
 31135 | Ninh Kiều               | Ninh Kieu               | 92            | Phường  | Cần Thơ
 31147 | Tân An                  | Tan An                  | 92            | Phường  | Cần Thơ
 31150 | An Bình                 | An Binh                 | 92            | Phường  | Cần Thơ
 31153 | Ô Môn                   | O Mon                   | 92            | Phường  | Cần Thơ
 31157 | Thới Long               | Thoi Long               | 92            | Phường  | Cần Thơ
 31162 | Phước Thới              | Phuoc Thoi              | 92            | Phường  | Cần Thơ
 31168 | Bình Thuỷ               | Binh Thuy               | 92            | Phường  | Cần Thơ
 31174 | Thới An Đông            | Thoi An Dong            | 92            | Phường  | Cần Thơ
 31183 | Long Tuyền              | Long Tuyen              | 92            | Phường  | Cần Thơ
 31186 | Cái Răng                | Cai Rang                | 92            | Phường  | Cần Thơ
 31201 | Hưng Phú                | Hung Phu                | 92            | Phường  | Cần Thơ
 31207 | Thốt Nốt                | Thot Not                | 92            | Phường  | Cần Thơ
 31213 | Tân Lộc                 | Tan Loc                 | 92            | Phường  | Cần Thơ
 31217 | Trung Nhứt              | Trung Nhut              | 92            | Phường  | Cần Thơ
 31228 | Thuận Hưng              | Thuan Hung              | 92            | Phường  | Cần Thơ
 31231 | Thạnh An                | Thanh An                | 92            | Xã      | Cần Thơ
 31232 | Vĩnh Thạnh              | Vinh Thanh              | 92            | Xã      | Cần Thơ
 31237 | Vĩnh Trinh              | Vinh Trinh              | 92            | Xã      | Cần Thơ
 31246 | Thạnh Quới              | Thanh Quoi              | 92            | Xã      | Cần Thơ
 31249 | Thạnh Phú               | Thanh Phu               | 92            | Xã      | Cần Thơ
 31255 | Trung Hưng              | Trung Hung              | 92            | Xã      | Cần Thơ
 31258 | Thới Lai                | Thoi Lai                | 92            | Xã      | Cần Thơ
 31261 | Cờ Đỏ                   | Co Do                   | 92            | Xã      | Cần Thơ
 31264 | Thới Hưng               | Thoi Hung               | 92            | Xã      | Cần Thơ
 31273 | Đông Hiệp               | Dong Hiep               | 92            | Xã      | Cần Thơ
 31282 | Đông Thuận              | Dong Thuan              | 92            | Xã      | Cần Thơ
 31288 | Trường Thành            | Truong Thanh            | 92            | Xã      | Cần Thơ
 31294 | Trường Xuân             | Truong Xuan             | 92            | Xã      | Cần Thơ
 31299 | Phong Điền              | Phong Dien              | 92            | Xã      | Cần Thơ
 31309 | Trường Long             | Truong Long             | 92            | Xã      | Cần Thơ
 31315 | Nhơn Ái                 | Nhon Ai                 | 92            | Xã      | Cần Thơ
 31321 | Vị Thanh                | Vi Thanh                | 92            | Phường  | Cần Thơ
 31333 | Vị Tân                  | Vi Tan                  | 92            | Phường  | Cần Thơ
 31338 | Hoả Lựu                 | Hoa Luu                 | 92            | Xã      | Cần Thơ
 31340 | Ngã Bảy                 | Nga Bay                 | 92            | Phường  | Cần Thơ
 31342 | Tân Hoà                 | Tan Hoa                 | 92            | Xã      | Cần Thơ
 31348 | Trường Long Tây         | Truong Long Tay         | 92            | Xã      | Cần Thơ
 31360 | Thạnh Xuân              | Thanh Xuan              | 92            | Xã      | Cần Thơ
 31366 | Châu Thành              | Chau Thanh              | 92            | Xã      | Cần Thơ
 31369 | Đông Phước              | Dong Phuoc              | 92            | Xã      | Cần Thơ
 31378 | Phú Hữu                 | Phu Huu                 | 92            | Xã      | Cần Thơ
 31393 | Hoà An                  | Hoa An                  | 92            | Xã      | Cần Thơ
 31396 | Hiệp Hưng               | Hiep Hung               | 92            | Xã      | Cần Thơ
 31399 | Tân Bình                | Tan Binh                | 92            | Xã      | Cần Thơ
 31408 | Thạnh Hoà               | Thanh Hoa               | 92            | Xã      | Cần Thơ
 31411 | Đại Thành               | Dai Thanh               | 92            | Phường  | Cần Thơ
 31420 | Phụng Hiệp              | Phung Hiep              | 92            | Xã      | Cần Thơ
 31426 | Phương Bình             | Phuong Binh             | 92            | Xã      | Cần Thơ
 31432 | Tân Phước Hưng          | Tan Phuoc Hung          | 92            | Xã      | Cần Thơ
 31441 | Vị Thuỷ                 | Vi Thuy                 | 92            | Xã      | Cần Thơ
 31453 | Vĩnh Thuận Đông         | Vinh Thuan Dong         | 92            | Xã      | Cần Thơ
 31459 | Vĩnh Tường              | Vinh Tuong              | 92            | Xã      | Cần Thơ
 31465 | Vị Thanh 1              | Vi Thanh 1              | 92            | Xã      | Cần Thơ
 31471 | Long Mỹ                 | Long My                 | 92            | Phường  | Cần Thơ
 31473 | Long Bình               | Long Binh               | 92            | Phường  | Cần Thơ
 31480 | Long Phú 1              | Long Phu 1              | 92            | Phường  | Cần Thơ
 31489 | Vĩnh Viễn               | Vinh Vien               | 92            | Xã      | Cần Thơ
 31492 | Lương Tâm               | Luong Tam               | 92            | Xã      | Cần Thơ
 31495 | Xà Phiên                | Xa Phien                | 92            | Xã      | Cần Thơ
 31507 | Sóc Trăng               | Soc Trang               | 92            | Phường  | Cần Thơ
 31510 | Phú Lợi                 | Phu Loi                 | 92            | Phường  | Cần Thơ
 31528 | Kế Sách                 | Ke Sach                 | 92            | Xã      | Cần Thơ
 31531 | An Lạc Thôn             | An Lac Thon             | 92            | Xã      | Cần Thơ
 31537 | Phong Nẫm               | Phong Nam               | 92            | Xã      | Cần Thơ
 31540 | Thới An Hội             | Thoi An Hoi             | 92            | Xã      | Cần Thơ
 31552 | Nhơn Mỹ                 | Nhon My                 | 92            | Xã      | Cần Thơ
 31561 | Đại Hải                 | Dai Hai                 | 92            | Xã      | Cần Thơ
 31567 | Mỹ Tú                   | My Tu                   | 92            | Xã      | Cần Thơ
 31569 | Phú Tâm                 | Phu Tam                 | 92            | Xã      | Cần Thơ
 31570 | Hồ Đắc Kiện             | Ho Dac Kien             | 92            | Xã      | Cần Thơ
 31579 | Long Hưng               | Long Hung               | 92            | Xã      | Cần Thơ
 31582 | Thuận Hoà               | Thuan Hoa               | 92            | Xã      | Cần Thơ
 31591 | Mỹ Hương                | My Huong                | 92            | Xã      | Cần Thơ
 31594 | An Ninh                 | An Ninh                 | 92            | Xã      | Cần Thơ
 31603 | Mỹ Phước                | My Phuoc                | 92            | Xã      | Cần Thơ
 31615 | An Thạnh                | An Thanh                | 92            | Xã      | Cần Thơ
 31633 | Cù Lao Dung             | Cu Lao Dung             | 92            | Xã      | Cần Thơ
 31639 | Long Phú                | Long Phu                | 92            | Xã      | Cần Thơ
 31645 | Đại Ngãi                | Dai Ngai                | 92            | Xã      | Cần Thơ
 31654 | Trường Khánh            | Truong Khanh            | 92            | Xã      | Cần Thơ
 31666 | Tân Thạnh               | Tan Thanh               | 92            | Xã      | Cần Thơ
 31673 | Trần Đề                 | Tran De                 | 92            | Xã      | Cần Thơ
 31675 | Liêu Tú                 | Lieu Tu                 | 92            | Xã      | Cần Thơ
 31679 | Lịch Hội Thượng         | Lich Hoi Thuong         | 92            | Xã      | Cần Thơ
 31684 | Mỹ Xuyên                | My Xuyen                | 92            | Phường  | Cần Thơ
 31687 | Tài Văn                 | Tai Van                 | 92            | Xã      | Cần Thơ
 31699 | Thạnh Thới An           | Thanh Thoi An           | 92            | Xã      | Cần Thơ
 31708 | Nhu Gia                 | Nhu Gia                 | 92            | Xã      | Cần Thơ
 31717 | Hoà Tú                  | Hoa Tu                  | 92            | Xã      | Cần Thơ
 31723 | Ngọc Tố                 | Ngoc To                 | 92            | Xã      | Cần Thơ
 31726 | Gia Hoà                 | Gia Hoa                 | 92            | Xã      | Cần Thơ
 31732 | Ngã Năm                 | Nga Nam                 | 92            | Phường  | Cần Thơ
 31741 | Tân Long                | Tan Long                | 92            | Xã      | Cần Thơ
 31753 | Mỹ Quới                 | My Quoi                 | 92            | Phường  | Cần Thơ
 31756 | Phú Lộc                 | Phu Loc                 | 92            | Xã      | Cần Thơ
 31759 | Lâm Tân                 | Lam Tan                 | 92            | Xã      | Cần Thơ
 31777 | Vĩnh Lợi                | Vinh Loi                | 92            | Xã      | Cần Thơ
 31783 | Vĩnh Châu               | Vinh Chau               | 92            | Phường  | Cần Thơ
 31789 | Khánh Hoà               | Khanh Hoa               | 92            | Phường  | Cần Thơ
 31795 | Vĩnh Hải                | Vinh Hai                | 92            | Xã      | Cần Thơ
 31804 | Vĩnh Phước              | Vinh Phuoc              | 92            | Phường  | Cần Thơ
 31810 | Lai Hoà                 | Lai Hoa                 | 92            | Xã      | Cần Thơ
 31825 | Bạc Liêu                | Bac Lieu                | 96            | Phường  | Cà Mau
 31834 | Vĩnh Trạch              | Vinh Trach              | 96            | Phường  | Cà Mau
 31840 | Hiệp Thành              | Hiep Thanh              | 96            | Phường  | Cà Mau
 31843 | Hồng Dân                | Hong Dan                | 96            | Xã      | Cà Mau
 31849 | Ninh Quới               | Ninh Quoi               | 96            | Xã      | Cà Mau
 31858 | Vĩnh Lộc                | Vinh Loc                | 96            | Xã      | Cà Mau
 31864 | Ninh Thạnh Lợi          | Ninh Thanh Loi          | 96            | Xã      | Cà Mau
 31867 | Phước Long              | Phuoc Long              | 96            | Xã      | Cà Mau
 31876 | Vĩnh Phước              | Vinh Phuoc              | 96            | Xã      | Cà Mau
 31882 | Vĩnh Thanh              | Vinh Thanh              | 96            | Xã      | Cà Mau
 31885 | Phong Hiệp              | Phong Hiep              | 96            | Xã      | Cà Mau
 31891 | Hoà Bình                | Hoa Binh                | 96            | Xã      | Cà Mau
 31894 | Châu Thới               | Chau Thoi               | 96            | Xã      | Cà Mau
 31900 | Vĩnh Lợi                | Vinh Loi                | 96            | Xã      | Cà Mau
 31906 | Hưng Hội                | Hung Hoi                | 96            | Xã      | Cà Mau
 31918 | Vĩnh Mỹ                 | Vinh My                 | 96            | Xã      | Cà Mau
 31927 | Vĩnh Hậu                | Vinh Hau                | 96            | Xã      | Cà Mau
 31942 | Giá Rai                 | Gia Rai                 | 96            | Phường  | Cà Mau
 31951 | Láng Tròn               | Lang Tron               | 96            | Phường  | Cà Mau
 31957 | Phong Thạnh             | Phong Thanh             | 96            | Xã      | Cà Mau
 31972 | Gành Hào                | Ganh Hao                | 96            | Xã      | Cà Mau
 31975 | Đông Hải                | Dong Hai                | 96            | Xã      | Cà Mau
 31985 | Long Điền               | Long Dien               | 96            | Xã      | Cà Mau
 31988 | An Trạch                | An Trach                | 96            | Xã      | Cà Mau
 31993 | Định Thành              | Dinh Thanh              | 96            | Xã      | Cà Mau
 32002 | An Xuyên                | An Xuyen                | 96            | Phường  | Cà Mau
 32014 | Lý Văn Lâm              | Ly Van Lam              | 96            | Phường  | Cà Mau
 32025 | Tân Thành               | Tan Thanh               | 96            | Phường  | Cà Mau
 32041 | Hoà Thành               | Hoa Thanh               | 96            | Phường  | Cà Mau
 32044 | Nguyễn Phích            | Nguyen Phich            | 96            | Xã      | Cà Mau
 32047 | U Minh                  | U Minh                  | 96            | Xã      | Cà Mau
 32059 | Khánh An                | Khanh An                | 96            | Xã      | Cà Mau
 32062 | Khánh Lâm               | Khanh Lam               | 96            | Xã      | Cà Mau
 32065 | Thới Bình               | Thoi Binh               | 96            | Xã      | Cà Mau
 32069 | Biển Bạch               | Bien Bach               | 96            | Xã      | Cà Mau
 32071 | Trí Phải                | Tri Phai                | 96            | Xã      | Cà Mau
 32083 | Tân Lộc                 | Tan Loc                 | 96            | Xã      | Cà Mau
 32092 | Hồ Thị Kỷ               | Ho Thi Ky               | 96            | Xã      | Cà Mau
 32095 | Trần Văn Thời           | Tran Van Thoi           | 96            | Xã      | Cà Mau
 32098 | Sông Đốc                | Song Doc                | 96            | Xã      | Cà Mau
 32104 | Đá Bạc                  | Da Bac                  | 96            | Xã      | Cà Mau
 32110 | Khánh Bình              | Khanh Binh              | 96            | Xã      | Cà Mau
 32119 | Khánh Hưng              | Khanh Hung              | 96            | Xã      | Cà Mau
 32128 | Cái Nước                | Cai Nuoc                | 96            | Xã      | Cà Mau
 32134 | Lương Thế Trân          | Luong The Tran          | 96            | Xã      | Cà Mau
 32137 | Tân Hưng                | Tan Hung                | 96            | Xã      | Cà Mau
 32140 | Hưng Mỹ                 | Hung My                 | 96            | Xã      | Cà Mau
 32152 | Đầm Dơi                 | Dam Doi                 | 96            | Xã      | Cà Mau
 32155 | Tạ An Khương            | Ta An Khuong            | 96            | Xã      | Cà Mau
 32161 | Trần Phán               | Tran Phan               | 96            | Xã      | Cà Mau
 32167 | Tân Thuận               | Tan Thuan               | 96            | Xã      | Cà Mau
 32182 | Quách Phẩm              | Quach Pham              | 96            | Xã      | Cà Mau
 32185 | Thanh Tùng              | Thanh Tung              | 96            | Xã      | Cà Mau
 32188 | Tân Tiến                | Tan Tien                | 96            | Xã      | Cà Mau
 32191 | Năm Căn                 | Nam Can                 | 96            | Xã      | Cà Mau
 32201 | Đất Mới                 | Dat Moi                 | 96            | Xã      | Cà Mau
 32206 | Tam Giang               | Tam Giang               | 96            | Xã      | Cà Mau
 32212 | Cái Đôi Vàm             | Cai Doi Vam             | 96            | Xã      | Cà Mau
 32214 | Phú Mỹ                  | Phu My                  | 96            | Xã      | Cà Mau
 32218 | Phú Tân                 | Phu Tan                 | 96            | Xã      | Cà Mau
 32227 | Nguyễn Việt Khái        | Nguyen Viet Khai        | 96            | Xã      | Cà Mau
 32236 | Tân Ân                  | Tan An                  | 96            | Xã      | Cà Mau
 32244 | Phan Ngọc Hiển          | Phan Ngoc Hien          | 96            | Xã      | Cà Mau
 32248 | Đất Mũi                 | Dat Mui                 | 96            | Xã      | Cà Mau
(3321 rows)

